subarray,lon,lat,depth_km,vs_median_km_s,vs_q16_km_s,vs_q84_km_s,vs_std_km_s,n_periods_used
1,109.083333,41.212500,2.0,3.06156,2.72332,3.61786,0.46321,39
1,109.083333,41.212500,5.0,3.46659,3.07352,3.78160,0.35188,39
1,109.083333,41.212500,10.0,3.40594,2.98111,3.82673,0.41120,39
1,109.083333,41.212500,20.0,3.84961,3.41621,4.18476,0.35473,39
1,109.083333,41.212500,40.0,3.41340,3.13807,3.69769,0.25231,39
1,109.083333,41.212500,60.0,3.34063,3.27417,3.44003,0.08449,39
1,109.083333,41.212500,80.0,3.51864,3.50234,3.54753,0.02542,39
1,109.083333,41.212500,100.0,3.57602,3.55331,3.59967,0.02818,39
2,109.083333,41.337500,2.0,2.78593,2.42225,3.30199,0.41126,39
2,109.083333,41.337500,5.0,3.09552,2.77018,3.49374,0.35248,39
2,109.083333,41.337500,10.0,3.19489,2.81326,3.55649,0.36292,39
2,109.083333,41.337500,20.0,3.94455,3.68840,4.18634,0.26018,39
2,109.083333,41.337500,40.0,3.38719,3.16773,3.66300,0.24239,39
2,109.083333,41.337500,60.0,3.28693,3.23609,3.34889,0.06099,39
2,109.083333,41.337500,80.0,3.52553,3.50820,3.54516,0.01867,39
2,109.083333,41.337500,100.0,3.54827,3.53133,3.55913,0.01744,39
3,109.083333,41.462500,2.0,2.94343,2.50037,3.24195,0.39464,39
3,109.083333,41.462500,5.0,3.09713,2.72652,3.40750,0.34693,39
3,109.083333,41.462500,10.0,3.21154,2.82060,3.44137,0.34311,39
3,109.083333,41.462500,20.0,3.98818,3.61703,4.26905,0.33602,39
3,109.083333,41.462500,40.0,3.62685,3.32921,3.83018,0.26590,39
3,109.083333,41.462500,60.0,3.29051,3.23374,3.36917,0.08181,39
3,109.083333,41.462500,80.0,3.50987,3.48398,3.53568,0.02392,39
3,109.083333,41.462500,100.0,3.55110,3.53180,3.57750,0.02425,39
4,109.083333,41.587500,2.0,2.82286,2.26900,3.25641,0.48568,39
4,109.083333,41.587500,5.0,2.98112,2.76006,3.31634,0.28255,39
4,109.083333,41.587500,10.0,3.14694,2.72869,3.54157,0.38443,39
4,109.083333,41.587500,20.0,3.79512,3.45869,4.14512,0.32556,39
4,109.083333,41.587500,40.0,3.11765,3.00627,3.27300,0.13628,39
4,109.083333,41.587500,60.0,3.27319,3.23234,3.33071,0.05768,39
4,109.083333,41.587500,80.0,3.52334,3.50724,3.54468,0.02317,39
4,109.083333,41.587500,100.0,3.53837,3.52706,3.55920,0.01827,39
5,109.083333,41.712500,2.0,2.76812,2.28908,3.33553,0.47881,39
5,109.083333,41.712500,5.0,2.95646,2.66426,3.25386,0.29402,39
5,109.083333,41.712500,10.0,3.13271,2.73487,3.46817,0.39232,39
5,109.083333,41.712500,20.0,3.78679,3.50102,4.02073,0.28184,39
5,109.083333,41.712500,40.0,3.05754,2.95221,3.25509,0.16626,39
5,109.083333,41.712500,60.0,3.28849,3.25272,3.34303,0.04538,39
5,109.083333,41.712500,80.0,3.52383,3.50368,3.54655,0.02653,39
5,109.083333,41.712500,100.0,3.54509,3.52755,3.56500,0.02049,39
6,109.083333,41.837500,2.0,2.72095,2.20557,3.19230,0.47400,39
6,109.083333,41.837500,5.0,2.95037,2.65557,3.25700,0.33521,39
6,109.083333,41.837500,10.0,3.15094,2.86051,3.54131,0.32409,39
6,109.083333,41.837500,20.0,3.79592,3.43832,4.10582,0.33065,39
6,109.083333,41.837500,40.0,3.17391,3.02537,3.35197,0.19068,39
6,109.083333,41.837500,60.0,3.28340,3.24063,3.33028,0.05787,39
6,109.083333,41.837500,80.0,3.52430,3.50263,3.54398,0.01934,39
6,109.083333,41.837500,100.0,3.55497,3.53557,3.57204,0.01888,39
7,109.083333,41.962500,2.0,2.75103,2.24239,3.24377,0.50983,39
7,109.083333,41.962500,5.0,3.13603,2.75998,3.43127,0.33236,39
7,109.083333,41.962500,10.0,3.17343,2.93849,3.64600,0.38182,39
7,109.083333,41.962500,20.0,3.84203,3.51235,4.12947,0.32042,39
7,109.083333,41.962500,40.0,3.18185,3.02979,3.50576,0.22171,39
7,109.083333,41.962500,60.0,3.26818,3.22392,3.32558,0.04888,39
7,109.083333,41.962500,80.0,3.52455,3.51101,3.54414,0.01762,39
7,109.083333,41.962500,100.0,3.56399,3.54496,3.58053,0.02400,39
8,109.083333,42.087500,2.0,2.78295,2.40149,3.16681,0.42665,39
8,109.083333,42.087500,5.0,2.97666,2.62371,3.24791,0.34640,39
8,109.083333,42.087500,10.0,3.09969,2.79430,3.45831,0.36027,39
8,109.083333,42.087500,20.0,3.74787,3.49588,4.11388,0.30622,39
8,109.083333,42.087500,40.0,3.32599,3.16191,3.66819,0.27934,39
8,109.083333,42.087500,60.0,3.26485,3.21967,3.32452,0.05690,39
8,109.083333,42.087500,80.0,3.52230,3.50552,3.54655,0.02013,39
8,109.083333,42.087500,100.0,3.55898,3.53849,3.58859,0.02356,39
9,109.083333,42.212500,2.0,2.84431,2.44698,3.42798,0.47521,39
9,109.083333,42.212500,5.0,3.03214,2.78867,3.44573,0.32771,39
9,109.083333,42.212500,10.0,2.94983,2.61058,3.33929,0.37793,39
9,109.083333,42.212500,20.0,3.80163,3.53752,4.03251,0.27011,39
9,109.083333,42.212500,40.0,3.51810,3.26094,3.71804,0.23104,39
9,109.083333,42.212500,60.0,3.29990,3.22481,3.35918,0.06711,39
9,109.083333,42.212500,80.0,3.52408,3.49969,3.54110,0.02254,39
9,109.083333,42.212500,100.0,3.56700,3.54432,3.58672,0.02107,39
10,109.083333,42.337500,2.0,2.80816,2.33200,3.18638,0.38742,39
10,109.083333,42.337500,5.0,3.01342,2.64366,3.28411,0.32810,39
10,109.083333,42.337500,10.0,2.96218,2.55650,3.27179,0.31445,39
10,109.083333,42.337500,20.0,3.73295,3.47033,3.95194,0.28053,39
10,109.083333,42.337500,40.0,3.44354,3.23346,3.70277,0.24498,39
10,109.083333,42.337500,60.0,3.27401,3.21591,3.35392,0.06508,39
10,109.083333,42.337500,80.0,3.52510,3.50441,3.54659,0.02279,39
10,109.083333,42.337500,100.0,3.55436,3.53639,3.57064,0.02399,39
11,109.250000,41.212500,2.0,2.87099,2.49721,3.42858,0.44019,39
11,109.250000,41.212500,5.0,3.10377,2.72556,3.50551,0.37950,39
11,109.250000,41.212500,10.0,3.37071,2.95424,3.65055,0.37155,39
11,109.250000,41.212500,20.0,4.06737,3.73931,4.44457,0.35271,39
11,109.250000,41.212500,40.0,3.28176,3.10751,3.52229,0.23929,39
11,109.250000,41.212500,60.0,3.31914,3.26015,3.37669,0.06939,39
11,109.250000,41.212500,80.0,3.52847,3.50240,3.55424,0.02547,39
11,109.250000,41.212500,100.0,3.55705,3.54344,3.57569,0.02261,39
12,109.250000,41.337500,2.0,2.77884,2.41194,3.23069,0.41329,39
12,109.250000,41.337500,5.0,2.96704,2.71717,3.29723,0.29799,39
12,109.250000,41.337500,10.0,3.17882,2.85471,3.59330,0.42926,39
12,109.250000,41.337500,20.0,3.77586,3.57787,4.15310,0.30198,39
12,109.250000,41.337500,40.0,3.19392,2.99144,3.47812,0.23527,39
12,109.250000,41.337500,60.0,3.27624,3.22385,3.31997,0.06551,39
12,109.250000,41.337500,80.0,3.52472,3.49806,3.54636,0.02328,39
12,109.250000,41.337500,100.0,3.54750,3.53163,3.57260,0.02550,39
13,109.250000,41.462500,2.0,2.86989,2.41626,3.32516,0.46484,39
13,109.250000,41.462500,5.0,3.09068,2.74509,3.36747,0.32506,39
13,109.250000,41.462500,10.0,3.12448,2.79232,3.52151,0.38325,39
13,109.250000,41.462500,20.0,3.81793,3.54578,4.13631,0.31661,39
13,109.250000,41.462500,40.0,3.24637,3.08349,3.48554,0.21206,39
13,109.250000,41.462500,60.0,3.29489,3.25022,3.34580,0.05774,39
13,109.250000,41.462500,80.0,3.52607,3.50795,3.54992,0.02154,39
13,109.250000,41.462500,100.0,3.55303,3.53245,3.56597,0.01797,39
14,109.250000,41.587500,2.0,2.97781,2.47007,3.33631,0.46430,39
14,109.250000,41.587500,5.0,2.96721,2.65780,3.28263,0.31840,39
14,109.250000,41.587500,10.0,3.04350,2.72780,3.31421,0.31391,39
14,109.250000,41.587500,20.0,3.79422,3.49219,4.03082,0.25962,39
14,109.250000,41.587500,40.0,3.03097,2.92392,3.23486,0.14975,39
14,109.250000,41.587500,60.0,3.26149,3.23414,3.30184,0.04502,39
14,109.250000,41.587500,80.0,3.52194,3.50698,3.53955,0.01927,39
14,109.250000,41.587500,100.0,3.55198,3.53873,3.57071,0.01607,39
15,109.250000,41.712500,2.0,2.76236,2.39653,3.22978,0.40460,39
15,109.250000,41.712500,5.0,2.93188,2.56803,3.15146,0.29577,39
15,109.250000,41.712500,10.0,2.94010,2.66290,3.36065,0.34211,39
15,109.250000,41.712500,20.0,3.69871,3.35212,4.06856,0.30133,39
15,109.250000,41.712500,40.0,3.06846,2.97376,3.22305,0.21736,39
15,109.250000,41.712500,60.0,3.26637,3.22309,3.31250,0.04556,39
15,109.250000,41.712500,80.0,3.52190,3.49937,3.54580,0.02130,39
15,109.250000,41.712500,100.0,3.55470,3.54128,3.57181,0.02422,39
16,109.250000,41.837500,2.0,2.69905,2.34329,2.97387,0.38086,39
16,109.250000,41.837500,5.0,2.81953,2.58028,3.10236,0.28371,39
16,109.250000,41.837500,10.0,3.04840,2.74057,3.37465,0.30686,39
16,109.250000,41.837500,20.0,3.69050,3.40764,4.05343,0.31166,39
16,109.250000,41.837500,40.0,2.99300,2.88705,3.21933,0.16727,39
16,109.250000,41.837500,60.0,3.26123,3.23180,3.30671,0.03911,39
16,109.250000,41.837500,80.0,3.52438,3.50428,3.55020,0.02520,39
16,109.250000,41.837500,100.0,3.55504,3.53629,3.57830,0.02480,39
17,109.250000,41.962500,2.0,2.64061,2.27182,3.05521,0.42068,39
17,109.250000,41.962500,5.0,2.85373,2.58946,3.13529,0.32099,39
17,109.250000,41.962500,10.0,3.24936,2.99899,3.55758,0.31647,39
17,109.250000,41.962500,20.0,3.74311,3.49525,3.98131,0.24542,39
17,109.250000,41.962500,40.0,2.99461,2.91547,3.19068,0.16271,39
17,109.250000,41.962500,60.0,3.27710,3.22822,3.32480,0.04282,39
17,109.250000,41.962500,80.0,3.52098,3.50473,3.54358,0.01772,39
17,109.250000,41.962500,100.0,3.54716,3.53062,3.56752,0.02365,39
18,109.250000,42.087500,2.0,2.64026,2.30874,3.27442,0.46828,39
18,109.250000,42.087500,5.0,2.98100,2.64362,3.36048,0.33962,39
18,109.250000,42.087500,10.0,3.32108,2.94411,3.62728,0.36165,39
18,109.250000,42.087500,20.0,3.77037,3.50726,4.13815,0.30633,39
18,109.250000,42.087500,40.0,2.97236,2.87148,3.12550,0.13181,39
18,109.250000,42.087500,60.0,3.25877,3.22766,3.30883,0.05360,39
18,109.250000,42.087500,80.0,3.51743,3.49906,3.53864,0.02210,39
18,109.250000,42.087500,100.0,3.56930,3.54550,3.58116,0.01817,39
19,109.250000,42.212500,2.0,2.74241,2.34074,3.32222,0.43768,39
19,109.250000,42.212500,5.0,2.95045,2.66642,3.20443,0.30495,39
19,109.250000,42.212500,10.0,3.02604,2.54233,3.49239,0.43801,39
19,109.250000,42.212500,20.0,3.86247,3.55637,4.21396,0.34424,39
19,109.250000,42.212500,40.0,3.21651,3.04370,3.40515,0.20949,39
19,109.250000,42.212500,60.0,3.27359,3.22149,3.32354,0.05635,39
19,109.250000,42.212500,80.0,3.52714,3.50464,3.55289,0.02261,39
19,109.250000,42.212500,100.0,3.55425,3.53637,3.57249,0.01766,39
20,109.250000,42.337500,2.0,2.86771,2.34746,3.18635,0.42992,39
20,109.250000,42.337500,5.0,2.91579,2.57285,3.23369,0.33008,39
20,109.250000,42.337500,10.0,2.94652,2.58867,3.41638,0.38009,39
20,109.250000,42.337500,20.0,3.83115,3.59837,4.11186,0.29279,39
20,109.250000,42.337500,40.0,3.17158,3.05087,3.39490,0.18200,39
20,109.250000,42.337500,60.0,3.25680,3.21580,3.30290,0.05074,39
20,109.250000,42.337500,80.0,3.52568,3.50726,3.54465,0.01870,39
20,109.250000,42.337500,100.0,3.55042,3.52980,3.57351,0.02136,39
21,109.416667,41.212500,2.0,2.85987,2.22786,3.38967,0.51127,39
21,109.416667,41.212500,5.0,3.15964,2.84235,3.47291,0.33343,39
21,109.416667,41.212500,10.0,3.42369,3.06664,3.77975,0.36623,39
21,109.416667,41.212500,20.0,3.85137,3.64853,4.21198,0.31023,39
21,109.416667,41.212500,40.0,3.10594,2.95784,3.32963,0.22499,39
21,109.416667,41.212500,60.0,3.29452,3.25085,3.35097,0.06289,39
21,109.416667,41.212500,80.0,3.52558,3.50575,3.53964,0.01867,39
21,109.416667,41.212500,100.0,3.55582,3.53770,3.57985,0.02206,39
22,109.416667,41.337500,2.0,2.80631,2.30595,3.22310,0.39870,39
22,109.416667,41.337500,5.0,3.10249,2.76199,3.29469,0.31283,39
22,109.416667,41.337500,10.0,3.43846,3.03546,3.75539,0.33808,39
22,109.416667,41.337500,20.0,3.79434,3.53834,4.15834,0.30746,39
22,109.416667,41.337500,40.0,3.07736,2.93298,3.25453,0.16111,39
22,109.416667,41.337500,60.0,3.27972,3.23316,3.33822,0.06148,39
22,109.416667,41.337500,80.0,3.51876,3.49740,3.53728,0.02110,39
22,109.416667,41.337500,100.0,3.55444,3.53433,3.57881,0.02862,39
23,109.416667,41.462500,2.0,2.84460,2.34287,3.41322,0.48342,39
23,109.416667,41.462500,5.0,3.00707,2.65970,3.36806,0.36684,39
23,109.416667,41.462500,10.0,3.16929,2.79071,3.61280,0.40043,39
23,109.416667,41.462500,20.0,3.79565,3.47061,4.19066,0.32120,39
23,109.416667,41.462500,40.0,2.99524,2.87431,3.15256,0.13150,39
23,109.416667,41.462500,60.0,3.25398,3.22067,3.30936,0.04027,39
23,109.416667,41.462500,80.0,3.51254,3.49743,3.53156,0.01924,39
23,109.416667,41.462500,100.0,3.55224,3.53782,3.57888,0.02517,39
24,109.416667,41.587500,2.0,2.97351,2.38231,3.40629,0.46676,39
24,109.416667,41.587500,5.0,2.87029,2.54162,3.17526,0.34823,39
24,109.416667,41.587500,10.0,2.96485,2.56040,3.44754,0.42993,39
24,109.416667,41.587500,20.0,3.82563,3.53638,4.10070,0.29785,39
24,109.416667,41.587500,40.0,3.01130,2.94217,3.25205,0.16100,39
24,109.416667,41.587500,60.0,3.28453,3.21953,3.31697,0.04570,39
24,109.416667,41.587500,80.0,3.51959,3.50320,3.54212,0.02105,39
24,109.416667,41.587500,100.0,3.55735,3.53560,3.57319,0.01947,39
25,109.416667,41.712500,2.0,2.87276,2.36064,3.35511,0.47442,39
25,109.416667,41.712500,5.0,2.92279,2.65478,3.18961,0.30030,39
25,109.416667,41.712500,10.0,2.86131,2.55938,3.42235,0.39923,39
25,109.416667,41.712500,20.0,3.89359,3.65199,4.07605,0.25637,39
25,109.416667,41.712500,40.0,3.00262,2.90393,3.12889,0.15509,39
25,109.416667,41.712500,60.0,3.25629,3.22157,3.29830,0.04479,39
25,109.416667,41.712500,80.0,3.51194,3.49212,3.53759,0.02192,39
25,109.416667,41.712500,100.0,3.55726,3.53547,3.58459,0.02414,39
26,109.416667,41.837500,2.0,2.66074,2.34261,2.96020,0.35471,39
26,109.416667,41.837500,5.0,2.91309,2.67568,3.15208,0.27781,39
26,109.416667,41.837500,10.0,3.06435,2.75730,3.53819,0.36665,39
26,109.416667,41.837500,20.0,3.85702,3.48855,4.08095,0.31117,39
26,109.416667,41.837500,40.0,3.01957,2.90165,3.21906,0.18440,39
26,109.416667,41.837500,60.0,3.27255,3.22311,3.31641,0.04717,39
26,109.416667,41.837500,80.0,3.51962,3.50257,3.53607,0.01946,39
26,109.416667,41.837500,100.0,3.55016,3.53289,3.57641,0.02132,39
27,109.416667,41.962500,2.0,2.70402,2.35020,3.19636,0.46090,39
27,109.416667,41.962500,5.0,2.96429,2.69876,3.28323,0.29180,39
27,109.416667,41.962500,10.0,3.34345,3.05477,3.64105,0.31123,39
27,109.416667,41.962500,20.0,3.74402,3.37917,3.95612,0.29122,39
27,109.416667,41.962500,40.0,3.04087,2.90104,3.25321,0.17565,39
27,109.416667,41.962500,60.0,3.25581,3.20225,3.30285,0.05829,39
27,109.416667,41.962500,80.0,3.51778,3.50028,3.53249,0.01798,39
27,109.416667,41.962500,100.0,3.55056,3.53906,3.57068,0.02018,39
28,109.416667,42.087500,2.0,2.66570,2.21122,3.17692,0.50821,39
28,109.416667,42.087500,5.0,2.96740,2.63094,3.27985,0.35849,39
28,109.416667,42.087500,10.0,3.22685,2.78050,3.58176,0.43119,39
28,109.416667,42.087500,20.0,3.77496,3.50773,3.99880,0.28679,39
28,109.416667,42.087500,40.0,3.00850,2.90048,3.08840,0.13295,39
28,109.416667,42.087500,60.0,3.27343,3.23036,3.32974,0.05165,39
28,109.416667,42.087500,80.0,3.51659,3.49536,3.53683,0.03040,39
28,109.416667,42.087500,100.0,3.54631,3.52779,3.57350,0.02159,39
29,109.416667,42.212500,2.0,2.78465,2.33882,3.27029,0.46829,39
29,109.416667,42.212500,5.0,3.05407,2.59393,3.41968,0.38202,39
29,109.416667,42.212500,10.0,3.27396,2.94233,3.69686,0.37328,39
29,109.416667,42.212500,20.0,3.80946,3.46887,4.05791,0.30929,39
29,109.416667,42.212500,40.0,2.94261,2.85438,3.09121,0.13681,39
29,109.416667,42.212500,60.0,3.24049,3.21181,3.28702,0.03826,39
29,109.416667,42.212500,80.0,3.50998,3.49318,3.52860,0.02291,39
29,109.416667,42.212500,100.0,3.55256,3.53164,3.57145,0.01880,39
30,109.416667,42.337500,2.0,2.83578,2.35471,3.19865,0.40123,39
30,109.416667,42.337500,5.0,2.97039,2.72239,3.19901,0.26310,39
30,109.416667,42.337500,10.0,2.93364,2.69640,3.32226,0.31769,39
30,109.416667,42.337500,20.0,3.85682,3.56828,4.12353,0.26701,39
30,109.416667,42.337500,40.0,3.07630,2.98173,3.26652,0.16431,39
30,109.416667,42.337500,60.0,3.26291,3.21375,3.31423,0.04903,39
30,109.416667,42.337500,80.0,3.52592,3.50711,3.54937,0.01953,39
30,109.416667,42.337500,100.0,3.54579,3.52870,3.56382,0.02230,39
31,109.583333,41.212500,2.0,2.77062,2.24049,3.39228,0.55252,39
31,109.583333,41.212500,5.0,3.05170,2.75868,3.45074,0.39683,39
31,109.583333,41.212500,10.0,3.47474,2.93915,3.89997,0.45685,39
31,109.583333,41.212500,20.0,3.88842,3.53732,4.33495,0.38589,39
31,109.583333,41.212500,40.0,3.08403,2.95920,3.34550,0.18493,39
31,109.583333,41.212500,60.0,3.28987,3.24708,3.36238,0.06277,39
31,109.583333,41.212500,80.0,3.52313,3.50352,3.54252,0.02879,39
31,109.583333,41.212500,100.0,3.57169,3.54936,3.59590,0.02588,39
32,109.583333,41.337500,2.0,2.83972,2.43142,3.23367,0.42660,39
32,109.583333,41.337500,5.0,2.97263,2.71863,3.32907,0.33438,39
32,109.583333,41.337500,10.0,3.26095,2.97061,3.71541,0.39406,39
32,109.583333,41.337500,20.0,3.69859,3.46429,4.10830,0.32010,39
32,109.583333,41.337500,40.0,3.07417,2.92893,3.28274,0.20914,39
32,109.583333,41.337500,60.0,3.25799,3.21456,3.32314,0.06673,39
32,109.583333,41.337500,80.0,3.51506,3.49822,3.54093,0.02489,39
32,109.583333,41.337500,100.0,3.55450,3.53374,3.57668,0.02322,39
33,109.583333,41.462500,2.0,2.83578,2.25221,3.18713,0.44751,39
33,109.583333,41.462500,5.0,2.94222,2.66278,3.16823,0.26517,39
33,109.583333,41.462500,10.0,3.22457,2.89068,3.55627,0.35013,39
33,109.583333,41.462500,20.0,3.77476,3.51807,4.07190,0.26263,39
33,109.583333,41.462500,40.0,3.00623,2.87745,3.13969,0.13312,39
33,109.583333,41.462500,60.0,3.26804,3.21094,3.34435,0.06609,39
33,109.583333,41.462500,80.0,3.51428,3.50243,3.53726,0.02867,39
33,109.583333,41.462500,100.0,3.55692,3.53894,3.57955,0.03415,39
34,109.583333,41.587500,2.0,2.78444,2.55399,3.19706,0.37527,39
34,109.583333,41.587500,5.0,2.89112,2.60479,3.30559,0.31398,39
34,109.583333,41.587500,10.0,3.10304,2.84567,3.46465,0.36898,39
34,109.583333,41.587500,20.0,3.78282,3.46563,4.08848,0.32311,39
34,109.583333,41.587500,40.0,2.98510,2.88178,3.15283,0.14615,39
34,109.583333,41.587500,60.0,3.25540,3.22195,3.31472,0.04805,39
34,109.583333,41.587500,80.0,3.51322,3.49581,3.53444,0.02067,39
34,109.583333,41.587500,100.0,3.55665,3.53167,3.57743,0.02520,39
35,109.583333,41.712500,2.0,2.74725,2.19820,3.27084,0.48109,39
35,109.583333,41.712500,5.0,2.94064,2.62095,3.14882,0.30942,39
35,109.583333,41.712500,10.0,3.10477,2.77748,3.55519,0.36578,39
35,109.583333,41.712500,20.0,3.74374,3.55530,4.03369,0.27152,39
35,109.583333,41.712500,40.0,3.02140,2.90834,3.13665,0.12519,39
35,109.583333,41.712500,60.0,3.26682,3.21826,3.32773,0.05675,39
35,109.583333,41.712500,80.0,3.51613,3.49976,3.53643,0.01978,39
35,109.583333,41.712500,100.0,3.55611,3.53200,3.57116,0.02352,39
36,109.583333,41.837500,2.0,2.72172,2.31226,3.25517,0.40335,39
36,109.583333,41.837500,5.0,2.80585,2.46562,3.05094,0.29235,39
36,109.583333,41.837500,10.0,3.07403,2.67525,3.44077,0.33735,39
36,109.583333,41.837500,20.0,3.86014,3.49196,4.14351,0.31452,39
36,109.583333,41.837500,40.0,2.98630,2.83917,3.11663,0.16202,39
36,109.583333,41.837500,60.0,3.25998,3.22748,3.31421,0.05286,39
36,109.583333,41.837500,80.0,3.51623,3.49741,3.53532,0.02754,39
36,109.583333,41.837500,100.0,3.54728,3.53491,3.57032,0.02095,39
37,109.583333,41.962500,2.0,2.84517,2.32679,3.21715,0.40307,39
37,109.583333,41.962500,5.0,2.88919,2.66719,3.30027,0.30910,39
37,109.583333,41.962500,10.0,3.12031,2.78628,3.48069,0.34457,39
37,109.583333,41.962500,20.0,3.64111,3.37017,3.95060,0.30070,39
37,109.583333,41.962500,40.0,3.03380,2.90575,3.19946,0.14196,39
37,109.583333,41.962500,60.0,3.25270,3.21644,3.30239,0.04862,39
37,109.583333,41.962500,80.0,3.51367,3.50066,3.54031,0.02033,39
37,109.583333,41.962500,100.0,3.54986,3.53230,3.56527,0.01907,39
38,109.583333,42.087500,2.0,2.81544,2.36881,3.20434,0.41388,39
38,109.583333,42.087500,5.0,2.81652,2.50507,3.11597,0.30888,39
38,109.583333,42.087500,10.0,3.09171,2.76580,3.45197,0.35397,39
38,109.583333,42.087500,20.0,3.73414,3.45875,4.10230,0.28798,39
38,109.583333,42.087500,40.0,3.02271,2.91917,3.14778,0.14458,39
38,109.583333,42.087500,60.0,3.25513,3.22142,3.29798,0.03788,39
38,109.583333,42.087500,80.0,3.51544,3.49874,3.53807,0.02127,39
38,109.583333,42.087500,100.0,3.54211,3.52956,3.56036,0.01857,39
39,109.583333,42.212500,2.0,2.75439,2.36726,3.20733,0.39877,39
39,109.583333,42.212500,5.0,2.89442,2.51743,3.18412,0.34542,39
39,109.583333,42.212500,10.0,3.17444,2.73760,3.40750,0.37768,39
39,109.583333,42.212500,20.0,3.85651,3.53348,4.09269,0.27193,39
39,109.583333,42.212500,40.0,2.99933,2.91635,3.13959,0.12348,39
39,109.583333,42.212500,60.0,3.23723,3.20262,3.28485,0.04905,39
39,109.583333,42.212500,80.0,3.51569,3.49755,3.53706,0.02098,39
39,109.583333,42.212500,100.0,3.54891,3.53184,3.57058,0.02062,39
40,109.583333,42.337500,2.0,2.66759,2.31770,3.16989,0.44472,39
40,109.583333,42.337500,5.0,2.96504,2.62778,3.14319,0.28151,39
40,109.583333,42.337500,10.0,3.19281,2.93017,3.60241,0.33566,39
40,109.583333,42.337500,20.0,3.68693,3.47948,3.94955,0.23890,39
40,109.583333,42.337500,40.0,2.90508,2.82361,3.01994,0.10567,39
40,109.583333,42.337500,60.0,3.23401,3.18539,3.28845,0.05786,39
40,109.583333,42.337500,80.0,3.49990,3.48619,3.52761,0.03610,39
40,109.583333,42.337500,100.0,3.55496,3.53605,3.58212,0.02358,39
41,109.750000,41.212500,2.0,2.86487,2.19860,3.33223,0.51065,39
41,109.750000,41.212500,5.0,3.23666,2.92354,3.79497,0.43772,39
41,109.750000,41.212500,10.0,3.64684,3.41269,4.09132,0.41994,39
41,109.750000,41.212500,20.0,3.84483,3.38668,4.20428,0.36961,39
41,109.750000,41.212500,40.0,3.09166,2.97992,3.32850,0.20657,39
41,109.750000,41.212500,60.0,3.32617,3.26561,3.39367,0.08054,39
41,109.750000,41.212500,80.0,3.52434,3.50797,3.56121,0.03349,39
41,109.750000,41.212500,100.0,3.58543,3.56278,3.61403,0.02902,39
42,109.750000,41.337500,2.0,2.80170,2.44469,3.46607,0.56085,39
42,109.750000,41.337500,5.0,3.18081,2.71253,3.64339,0.43538,39
42,109.750000,41.337500,10.0,3.47998,3.01102,3.86530,0.38062,39
42,109.750000,41.337500,20.0,3.80677,3.53069,4.10283,0.31697,39
42,109.750000,41.337500,40.0,3.01447,2.93090,3.19009,0.14343,39
42,109.750000,41.337500,60.0,3.24831,3.19903,3.32161,0.06322,39
42,109.750000,41.337500,80.0,3.50263,3.48514,3.53040,0.02324,39
42,109.750000,41.337500,100.0,3.56784,3.54668,3.59141,0.02759,39
43,109.750000,41.462500,2.0,2.89939,2.52031,3.31652,0.41892,39
43,109.750000,41.462500,5.0,2.94831,2.63374,3.29211,0.31449,39
43,109.750000,41.462500,10.0,3.21098,2.78774,3.53533,0.39027,39
43,109.750000,41.462500,20.0,3.73256,3.49024,4.06692,0.29404,39
43,109.750000,41.462500,40.0,2.96782,2.85853,3.13268,0.14163,39
43,109.750000,41.462500,60.0,3.25133,3.21141,3.30839,0.04925,39
43,109.750000,41.462500,80.0,3.50858,3.49457,3.52774,0.01736,39
43,109.750000,41.462500,100.0,3.55313,3.53256,3.57825,0.02188,39
44,109.750000,41.587500,2.0,2.69026,2.33961,3.09585,0.43722,39
44,109.750000,41.587500,5.0,2.88861,2.60003,3.27012,0.32640,39
44,109.750000,41.587500,10.0,3.10461,2.78030,3.46241,0.35799,39
44,109.750000,41.587500,20.0,3.73460,3.47731,4.01384,0.25969,39
44,109.750000,41.587500,40.0,3.05722,2.90709,3.22892,0.17328,39
44,109.750000,41.587500,60.0,3.27056,3.22662,3.34651,0.05405,39
44,109.750000,41.587500,80.0,3.51929,3.50211,3.54013,0.02215,39
44,109.750000,41.587500,100.0,3.54769,3.52884,3.56566,0.01962,39
45,109.750000,41.712500,2.0,2.66213,2.35374,3.04359,0.40364,39
45,109.750000,41.712500,5.0,2.90552,2.60543,3.21734,0.31741,39
45,109.750000,41.712500,10.0,3.16351,2.84645,3.56769,0.37878,39
45,109.750000,41.712500,20.0,3.68801,3.50503,4.03962,0.25665,39
45,109.750000,41.712500,40.0,2.97094,2.89911,3.10432,0.12674,39
45,109.750000,41.712500,60.0,3.27169,3.23421,3.32701,0.04523,39
45,109.750000,41.712500,80.0,3.51363,3.50208,3.53237,0.01977,39
45,109.750000,41.712500,100.0,3.55026,3.53144,3.56752,0.02042,39
46,109.750000,41.837500,2.0,2.76049,2.38103,3.04005,0.39146,39
46,109.750000,41.837500,5.0,2.99420,2.62262,3.29552,0.30232,39
46,109.750000,41.837500,10.0,3.11059,2.67894,3.50921,0.38243,39
46,109.750000,41.837500,20.0,3.65112,3.38826,3.96106,0.28710,39
46,109.750000,41.837500,40.0,3.05253,2.93894,3.18390,0.14944,39
46,109.750000,41.837500,60.0,3.26468,3.23123,3.30624,0.03826,39
46,109.750000,41.837500,80.0,3.51928,3.49736,3.54145,0.02247,39
46,109.750000,41.837500,100.0,3.54544,3.53294,3.56779,0.01969,39
47,109.750000,41.962500,2.0,2.84684,2.43440,3.20090,0.41711,39
47,109.750000,41.962500,5.0,2.96413,2.66942,3.21101,0.26980,39
47,109.750000,41.962500,10.0,3.06875,2.72794,3.48411,0.36829,39
47,109.750000,41.962500,20.0,3.82769,3.51646,4.04151,0.27600,39
47,109.750000,41.962500,40.0,2.96520,2.88639,3.06973,0.13070,39
47,109.750000,41.962500,60.0,3.26429,3.22369,3.31002,0.04537,39
47,109.750000,41.962500,80.0,3.51513,3.49853,3.53510,0.02079,39
47,109.750000,41.962500,100.0,3.55212,3.53226,3.56943,0.02057,39
48,109.750000,42.087500,2.0,2.75807,2.44823,3.28581,0.47375,39
48,109.750000,42.087500,5.0,2.98777,2.71487,3.34052,0.30127,39
48,109.750000,42.087500,10.0,3.22447,2.81362,3.57149,0.37891,39
48,109.750000,42.087500,20.0,3.73939,3.49201,4.10876,0.28609,39
48,109.750000,42.087500,40.0,2.97213,2.87817,3.18386,0.18153,39
48,109.750000,42.087500,60.0,3.24955,3.19646,3.30751,0.04810,39
48,109.750000,42.087500,80.0,3.51094,3.49088,3.52822,0.01898,39
48,109.750000,42.087500,100.0,3.55107,3.53334,3.57235,0.02009,39
49,109.750000,42.212500,2.0,2.70762,2.27501,3.05633,0.40425,39
49,109.750000,42.212500,5.0,2.92645,2.59603,3.16385,0.30607,39
49,109.750000,42.212500,10.0,3.07290,2.84004,3.48564,0.31600,39
49,109.750000,42.212500,20.0,3.61787,3.38090,3.90739,0.23395,39
49,109.750000,42.212500,40.0,3.02871,2.92900,3.18327,0.16869,39
49,109.750000,42.212500,60.0,3.24042,3.20511,3.27462,0.04143,39
49,109.750000,42.212500,80.0,3.51777,3.50117,3.53427,0.01711,39
49,109.750000,42.212500,100.0,3.53754,3.52432,3.56249,0.01984,39
50,109.750000,42.337500,2.0,2.69221,2.27753,3.18963,0.42509,39
50,109.750000,42.337500,5.0,2.79183,2.48328,3.26853,0.35784,39
50,109.750000,42.337500,10.0,3.18731,2.76793,3.52002,0.38521,39
50,109.750000,42.337500,20.0,3.75179,3.36307,4.04629,0.33601,39
50,109.750000,42.337500,40.0,2.89979,2.82565,3.06085,0.12853,39
50,109.750000,42.337500,60.0,3.21888,3.18345,3.27240,0.04477,39
50,109.750000,42.337500,80.0,3.51017,3.49345,3.52575,0.01955,39
50,109.750000,42.337500,100.0,3.55431,3.53319,3.57941,0.02667,39
51,109.916667,41.212500,2.0,3.05709,2.41117,3.63075,0.58275,39
51,109.916667,41.212500,5.0,3.26193,2.86868,3.63565,0.35887,39
51,109.916667,41.212500,10.0,3.66343,3.20490,4.10018,0.43853,39
51,109.916667,41.212500,20.0,3.79979,3.55582,4.21216,0.36690,39
51,109.916667,41.212500,40.0,3.00569,2.86242,3.21958,0.18583,39
51,109.916667,41.212500,60.0,3.33622,3.28201,3.44604,0.09914,39
51,109.916667,41.212500,80.0,3.54188,3.51018,3.61267,0.06893,39
51,109.916667,41.212500,100.0,3.60756,3.58170,3.66193,0.03814,39
52,109.916667,41.337500,2.0,2.80655,2.34736,3.38713,0.49657,39
52,109.916667,41.337500,5.0,3.05922,2.76541,3.39045,0.31340,39
52,109.916667,41.337500,10.0,3.51566,3.01576,3.84848,0.39558,39
52,109.916667,41.337500,20.0,3.78969,3.52551,4.07070,0.31133,39
52,109.916667,41.337500,40.0,2.96916,2.87852,3.11447,0.13016,39
52,109.916667,41.337500,60.0,3.25730,3.22243,3.32539,0.05304,39
52,109.916667,41.337500,80.0,3.50568,3.48777,3.53833,0.02361,39
52,109.916667,41.337500,100.0,3.56589,3.55202,3.59843,0.02635,39
53,109.916667,41.462500,2.0,2.76807,2.33111,3.18278,0.45687,39
53,109.916667,41.462500,5.0,2.95455,2.71004,3.17798,0.30345,39
53,109.916667,41.462500,10.0,3.26138,2.84871,3.56291,0.38378,39
53,109.916667,41.462500,20.0,3.83686,3.50633,4.16524,0.29855,39
53,109.916667,41.462500,40.0,2.98381,2.86402,3.18213,0.16520,39
53,109.916667,41.462500,60.0,3.24597,3.21716,3.27685,0.03548,39
53,109.916667,41.462500,80.0,3.51381,3.49792,3.53802,0.02203,39
53,109.916667,41.462500,100.0,3.55774,3.53877,3.57965,0.02316,39
54,109.916667,41.587500,2.0,2.65455,2.21432,3.16832,0.46916,39
54,109.916667,41.587500,5.0,2.83664,2.63374,3.12299,0.25598,39
54,109.916667,41.587500,10.0,3.08900,2.77876,3.51060,0.35714,39
54,109.916667,41.587500,20.0,3.82985,3.56009,4.03663,0.24139,39
54,109.916667,41.587500,40.0,3.00620,2.91127,3.17294,0.14087,39
54,109.916667,41.587500,60.0,3.24790,3.20686,3.30176,0.05196,39
54,109.916667,41.587500,80.0,3.52084,3.50775,3.53698,0.01779,39
54,109.916667,41.587500,100.0,3.55609,3.53823,3.57918,0.02439,39
55,109.916667,41.712500,2.0,2.69645,2.31010,3.03717,0.37598,39
55,109.916667,41.712500,5.0,2.88050,2.55966,3.14929,0.31345,39
55,109.916667,41.712500,10.0,3.09677,2.67117,3.59701,0.39637,39
55,109.916667,41.712500,20.0,3.81059,3.43320,4.09263,0.32026,39
55,109.916667,41.712500,40.0,3.03386,2.88532,3.31037,0.19229,39
55,109.916667,41.712500,60.0,3.25247,3.20689,3.30068,0.04566,39
55,109.916667,41.712500,80.0,3.51582,3.49439,3.53661,0.02142,39
55,109.916667,41.712500,100.0,3.55207,3.53534,3.57430,0.02534,39
56,109.916667,41.837500,2.0,2.67947,2.24912,3.12296,0.44678,39
56,109.916667,41.837500,5.0,2.90095,2.61402,3.15812,0.25658,39
56,109.916667,41.837500,10.0,3.19620,2.77784,3.53827,0.38190,39
56,109.916667,41.837500,20.0,3.83828,3.54008,4.11712,0.29217,39
56,109.916667,41.837500,40.0,2.96888,2.89092,3.14767,0.13904,39
56,109.916667,41.837500,60.0,3.26381,3.21945,3.31176,0.05111,39
56,109.916667,41.837500,80.0,3.51386,3.50525,3.53517,0.02027,39
56,109.916667,41.837500,100.0,3.55601,3.54065,3.56786,0.01889,39
57,109.916667,41.962500,2.0,2.73157,2.27541,3.32625,0.52125,39
57,109.916667,41.962500,5.0,2.83780,2.59074,3.15585,0.27298,39
57,109.916667,41.962500,10.0,3.05233,2.62809,3.49045,0.41265,39
57,109.916667,41.962500,20.0,3.81927,3.51762,4.12756,0.31131,39
57,109.916667,41.962500,40.0,3.05171,2.92856,3.21131,0.16117,39
57,109.916667,41.962500,60.0,3.26397,3.21804,3.30350,0.04812,39
57,109.916667,41.962500,80.0,3.52120,3.50361,3.54039,0.01924,39
57,109.916667,41.962500,100.0,3.55297,3.53594,3.58603,0.02491,39
58,109.916667,42.087500,2.0,2.76062,2.43431,3.41762,0.44574,39
58,109.916667,42.087500,5.0,2.90786,2.61181,3.15596,0.29453,39
58,109.916667,42.087500,10.0,3.17470,2.76705,3.47032,0.37013,39
58,109.916667,42.087500,20.0,3.76644,3.52718,4.03494,0.27631,39
58,109.916667,42.087500,40.0,3.03721,2.93282,3.16715,0.12394,39
58,109.916667,42.087500,60.0,3.26087,3.21592,3.31286,0.04712,39
58,109.916667,42.087500,80.0,3.51555,3.50025,3.53602,0.01785,39
58,109.916667,42.087500,100.0,3.55380,3.54006,3.58070,0.01909,39
59,109.916667,42.212500,2.0,2.75089,2.29743,3.22701,0.45542,39
59,109.916667,42.212500,5.0,2.94758,2.53270,3.23528,0.32492,39
59,109.916667,42.212500,10.0,3.10233,2.76476,3.37456,0.31697,39
59,109.916667,42.212500,20.0,3.67684,3.46609,3.88965,0.25303,39
59,109.916667,42.212500,40.0,3.05897,2.94598,3.18638,0.15775,39
59,109.916667,42.212500,60.0,3.25305,3.20403,3.29700,0.04449,39
59,109.916667,42.212500,80.0,3.52674,3.50429,3.54123,0.02066,39
59,109.916667,42.212500,100.0,3.54737,3.53387,3.56297,0.02061,39
60,109.916667,42.337500,2.0,2.72124,2.19814,2.97743,0.41432,39
60,109.916667,42.337500,5.0,2.98869,2.54738,3.19041,0.30542,39
60,109.916667,42.337500,10.0,3.19918,2.85463,3.44416,0.32374,39
60,109.916667,42.337500,20.0,3.75550,3.51858,3.95760,0.25276,39
60,109.916667,42.337500,40.0,2.92773,2.81781,3.04277,0.14278,39
60,109.916667,42.337500,60.0,3.22337,3.18089,3.25760,0.03775,39
60,109.916667,42.337500,80.0,3.50653,3.49107,3.52563,0.01800,39
60,109.916667,42.337500,100.0,3.54803,3.52592,3.56611,0.02159,39
61,110.083333,41.212500,2.0,2.79900,2.40861,3.60063,0.61980,39
61,110.083333,41.212500,5.0,3.25294,2.80144,3.57206,0.33594,39
61,110.083333,41.212500,10.0,3.62675,3.16089,3.99218,0.40420,39
61,110.083333,41.212500,20.0,3.75188,3.43618,4.04579,0.32986,39
61,110.083333,41.212500,40.0,2.95578,2.84863,3.11221,0.19155,39
61,110.083333,41.212500,60.0,3.33115,3.28312,3.40727,0.06882,39
61,110.083333,41.212500,80.0,3.55676,3.52774,3.62434,0.06230,39
61,110.083333,41.212500,100.0,3.62276,3.59479,3.66110,0.04603,39
62,110.083333,41.337500,2.0,2.66767,2.17072,3.15997,0.51702,39
62,110.083333,41.337500,5.0,3.00126,2.60793,3.34537,0.37975,39
62,110.083333,41.337500,10.0,3.49631,3.16194,3.80534,0.36788,39
62,110.083333,41.337500,20.0,3.78219,3.56966,4.18456,0.36639,39
62,110.083333,41.337500,40.0,2.92717,2.83760,3.09746,0.13987,39
62,110.083333,41.337500,60.0,3.26616,3.22514,3.31307,0.04867,39
62,110.083333,41.337500,80.0,3.51471,3.49483,3.53771,0.02472,39
62,110.083333,41.337500,100.0,3.57237,3.54825,3.60348,0.02777,39
63,110.083333,41.462500,2.0,2.80759,2.42492,3.24641,0.41910,39
63,110.083333,41.462500,5.0,3.09797,2.69255,3.49338,0.40402,39
63,110.083333,41.462500,10.0,3.26839,2.87396,3.64277,0.37065,39
63,110.083333,41.462500,20.0,3.84665,3.53767,4.09865,0.27919,39
63,110.083333,41.462500,40.0,3.02159,2.88966,3.19446,0.20462,39
63,110.083333,41.462500,60.0,3.22806,3.18474,3.27802,0.05219,39
63,110.083333,41.462500,80.0,3.51188,3.49701,3.52486,0.01482,39
63,110.083333,41.462500,100.0,3.55363,3.53140,3.57740,0.02137,39
64,110.083333,41.587500,2.0,2.78884,2.34421,3.11118,0.41359,39
64,110.083333,41.587500,5.0,2.98339,2.60785,3.26981,0.30234,39
64,110.083333,41.587500,10.0,3.18618,2.82437,3.61308,0.35400,39
64,110.083333,41.587500,20.0,3.93883,3.63679,4.13457,0.27888,39
64,110.083333,41.587500,40.0,2.99722,2.87895,3.18570,0.17580,39
64,110.083333,41.587500,60.0,3.24615,3.20126,3.31342,0.05363,39
64,110.083333,41.587500,80.0,3.51470,3.49867,3.53379,0.02086,39
64,110.083333,41.587500,100.0,3.55648,3.53555,3.58218,0.02441,39
65,110.083333,41.712500,2.0,2.81304,2.44848,3.22070,0.42796,39
65,110.083333,41.712500,5.0,3.01202,2.74752,3.34247,0.31764,39
65,110.083333,41.712500,10.0,3.09947,2.80949,3.51614,0.38857,39
65,110.083333,41.712500,20.0,3.79554,3.53094,4.12009,0.29590,39
65,110.083333,41.712500,40.0,3.03359,2.91159,3.26734,0.18274,39
65,110.083333,41.712500,60.0,3.25876,3.21203,3.29496,0.04764,39
65,110.083333,41.712500,80.0,3.51519,3.50185,3.53967,0.01934,39
65,110.083333,41.712500,100.0,3.55826,3.54135,3.57759,0.01896,39
66,110.083333,41.837500,2.0,3.02491,2.36395,3.47280,0.50127,39
66,110.083333,41.837500,5.0,3.11043,2.78863,3.44700,0.30682,39
66,110.083333,41.837500,10.0,3.14743,2.77507,3.55749,0.39995,39
66,110.083333,41.837500,20.0,3.82471,3.56638,4.21646,0.32931,39
66,110.083333,41.837500,40.0,3.01172,2.94268,3.15846,0.15012,39
66,110.083333,41.837500,60.0,3.25414,3.21049,3.29739,0.05005,39
66,110.083333,41.837500,80.0,3.52032,3.50012,3.53589,0.01958,39
66,110.083333,41.837500,100.0,3.56330,3.54476,3.59142,0.02420,39
67,110.083333,41.962500,2.0,2.71682,2.36195,3.15633,0.39664,39
67,110.083333,41.962500,5.0,3.02250,2.62708,3.31111,0.35620,39
67,110.083333,41.962500,10.0,3.28838,3.01154,3.60729,0.31869,39
67,110.083333,41.962500,20.0,3.79736,3.49720,4.20708,0.32895,39
67,110.083333,41.962500,40.0,2.99639,2.86822,3.16197,0.17037,39
67,110.083333,41.962500,60.0,3.24347,3.19050,3.28711,0.04729,39
67,110.083333,41.962500,80.0,3.51151,3.49382,3.53146,0.01967,39
67,110.083333,41.962500,100.0,3.55261,3.53491,3.57534,0.02259,39
68,110.083333,42.087500,2.0,2.80169,2.47614,3.16580,0.34674,39
68,110.083333,42.087500,5.0,2.94828,2.67594,3.27994,0.28375,39
68,110.083333,42.087500,10.0,3.04593,2.73900,3.30957,0.30288,39
68,110.083333,42.087500,20.0,3.72843,3.51714,3.96655,0.23207,39
68,110.083333,42.087500,40.0,3.01457,2.92766,3.16244,0.15323,39
68,110.083333,42.087500,60.0,3.23502,3.19542,3.29271,0.05127,39
68,110.083333,42.087500,80.0,3.52241,3.50532,3.53919,0.01817,39
68,110.083333,42.087500,100.0,3.55460,3.54033,3.57586,0.01987,39
69,110.083333,42.212500,2.0,2.67855,2.21086,3.02987,0.37567,39
69,110.083333,42.212500,5.0,3.07061,2.71564,3.41907,0.35289,39
69,110.083333,42.212500,10.0,3.24423,2.94336,3.66573,0.31955,39
69,110.083333,42.212500,20.0,3.63688,3.25819,3.94244,0.33718,39
69,110.083333,42.212500,40.0,3.14618,3.01445,3.36672,0.17668,39
69,110.083333,42.212500,60.0,3.25031,3.20829,3.31816,0.06814,39
69,110.083333,42.212500,80.0,3.52244,3.50618,3.54255,0.02003,39
69,110.083333,42.212500,100.0,3.55350,3.52884,3.56898,0.02228,39
70,110.083333,42.337500,2.0,2.71701,2.43461,3.21711,0.38139,39
70,110.083333,42.337500,5.0,2.90860,2.62038,3.21042,0.29471,39
70,110.083333,42.337500,10.0,3.05171,2.84863,3.44655,0.32941,39
70,110.083333,42.337500,20.0,3.73826,3.48500,3.95243,0.23550,39
70,110.083333,42.337500,40.0,2.98690,2.90511,3.12269,0.13240,39
70,110.083333,42.337500,60.0,3.24079,3.18762,3.28319,0.04616,39
70,110.083333,42.337500,80.0,3.51607,3.49706,3.53882,0.02015,39
70,110.083333,42.337500,100.0,3.54159,3.52094,3.56278,0.02203,39
71,110.250000,41.212500,2.0,2.74466,2.18753,3.29027,0.51783,39
71,110.250000,41.212500,5.0,3.07082,2.63264,3.28460,0.34648,39
71,110.250000,41.212500,10.0,3.50437,3.10472,3.94091,0.39518,39
71,110.250000,41.212500,20.0,3.86899,3.49440,4.16144,0.33065,39
71,110.250000,41.212500,40.0,2.97154,2.84714,3.10306,0.16159,39
71,110.250000,41.212500,60.0,3.26938,3.22424,3.31781,0.05768,39
71,110.250000,41.212500,80.0,3.51544,3.49691,3.54853,0.03131,39
71,110.250000,41.212500,100.0,3.58698,3.56238,3.60748,0.02630,39
72,110.250000,41.337500,2.0,2.64813,2.23641,3.23095,0.45589,39
72,110.250000,41.337500,5.0,2.76545,2.46107,3.25545,0.37741,39
72,110.250000,41.337500,10.0,3.07847,2.68140,3.56511,0.41805,39
72,110.250000,41.337500,20.0,3.82036,3.51083,4.10092,0.30642,39
72,110.250000,41.337500,40.0,3.04822,2.92213,3.19598,0.15780,39
72,110.250000,41.337500,60.0,3.27578,3.22925,3.30427,0.04142,39
72,110.250000,41.337500,80.0,3.52004,3.50358,3.53080,0.01646,39
72,110.250000,41.337500,100.0,3.55917,3.54161,3.57395,0.01664,39
73,110.250000,41.462500,2.0,2.88886,2.47755,3.27838,0.41733,39
73,110.250000,41.462500,5.0,2.94241,2.62814,3.19839,0.31490,39
73,110.250000,41.462500,10.0,3.10544,2.71319,3.41226,0.35574,39
73,110.250000,41.462500,20.0,3.85306,3.58200,4.06189,0.29046,39
73,110.250000,41.462500,40.0,3.09882,2.95873,3.22346,0.17169,39
73,110.250000,41.462500,60.0,3.27077,3.23189,3.32684,0.05708,39
73,110.250000,41.462500,80.0,3.51800,3.49655,3.53262,0.01983,39
73,110.250000,41.462500,100.0,3.55199,3.53422,3.57371,0.02481,39
74,110.250000,41.587500,2.0,2.74133,2.34254,3.32953,0.45704,39
74,110.250000,41.587500,5.0,3.00841,2.72383,3.29886,0.32640,39
74,110.250000,41.587500,10.0,3.26572,2.83966,3.59149,0.39255,39
74,110.250000,41.587500,20.0,3.82014,3.56681,4.10066,0.29749,39
74,110.250000,41.587500,40.0,3.00027,2.83880,3.16373,0.16016,39
74,110.250000,41.587500,60.0,3.24287,3.20638,3.31732,0.05249,39
74,110.250000,41.587500,80.0,3.51473,3.49689,3.53253,0.02213,39
74,110.250000,41.587500,100.0,3.55763,3.53913,3.57558,0.01758,39
75,110.250000,41.712500,2.0,2.82587,2.48189,3.25209,0.39606,39
75,110.250000,41.712500,5.0,2.94503,2.55769,3.20692,0.32308,39
75,110.250000,41.712500,10.0,3.14347,2.70250,3.40223,0.33149,39
75,110.250000,41.712500,20.0,3.84462,3.52914,4.18486,0.32089,39
75,110.250000,41.712500,40.0,3.02105,2.91032,3.21374,0.14684,39
75,110.250000,41.712500,60.0,3.24902,3.20997,3.28787,0.04958,39
75,110.250000,41.712500,80.0,3.51903,3.49854,3.53543,0.01939,39
75,110.250000,41.712500,100.0,3.55512,3.53665,3.57902,0.02109,39
76,110.250000,41.837500,2.0,2.76507,2.47073,3.40268,0.41349,39
76,110.250000,41.837500,5.0,3.03364,2.79055,3.35457,0.37899,39
76,110.250000,41.837500,10.0,3.21883,2.70248,3.66013,0.41771,39
76,110.250000,41.837500,20.0,3.88671,3.54420,4.12174,0.30397,39
76,110.250000,41.837500,40.0,2.98674,2.89041,3.15594,0.14675,39
76,110.250000,41.837500,60.0,3.26269,3.21429,3.30901,0.05960,39
76,110.250000,41.837500,80.0,3.51551,3.49884,3.53815,0.01888,39
76,110.250000,41.837500,100.0,3.55144,3.53452,3.57665,0.02111,39
77,110.250000,41.962500,2.0,2.85292,2.37107,3.40157,0.46529,39
77,110.250000,41.962500,5.0,2.98325,2.64534,3.29115,0.30815,39
77,110.250000,41.962500,10.0,3.17012,2.67529,3.59419,0.38348,39
77,110.250000,41.962500,20.0,3.85554,3.56972,4.18196,0.32234,39
77,110.250000,41.962500,40.0,3.04590,2.86596,3.21695,0.16490,39
77,110.250000,41.962500,60.0,3.24469,3.20275,3.29903,0.06580,39
77,110.250000,41.962500,80.0,3.51796,3.50405,3.53496,0.01685,39
77,110.250000,41.962500,100.0,3.56801,3.54595,3.59379,0.02268,39
78,110.250000,42.087500,2.0,2.99105,2.47157,3.48679,0.45749,39
78,110.250000,42.087500,5.0,3.12077,2.69390,3.50500,0.39594,39
78,110.250000,42.087500,10.0,3.22351,2.90622,3.70299,0.40179,39
78,110.250000,42.087500,20.0,3.83623,3.48120,4.14998,0.31416,39
78,110.250000,42.087500,40.0,3.04329,2.89804,3.22139,0.19935,39
78,110.250000,42.087500,60.0,3.25975,3.21700,3.30051,0.05633,39
78,110.250000,42.087500,80.0,3.51194,3.49366,3.53545,0.02256,39
78,110.250000,42.087500,100.0,3.56683,3.54770,3.60565,0.02675,39
79,110.250000,42.212500,2.0,2.69363,2.33857,3.06799,0.36456,39
79,110.250000,42.212500,5.0,2.98168,2.67376,3.24277,0.28350,39
79,110.250000,42.212500,10.0,3.18625,2.93768,3.60859,0.34360,39
79,110.250000,42.212500,20.0,3.71324,3.40309,3.95801,0.29621,39
79,110.250000,42.212500,40.0,2.95028,2.84858,3.09080,0.14477,39
79,110.250000,42.212500,60.0,3.22392,3.18598,3.27461,0.05084,39
79,110.250000,42.212500,80.0,3.51569,3.49406,3.53960,0.02511,39
79,110.250000,42.212500,100.0,3.55238,3.53240,3.57261,0.02240,39
80,110.250000,42.337500,2.0,2.81061,2.41024,3.13936,0.40335,39
80,110.250000,42.337500,5.0,2.84506,2.47760,3.27436,0.35514,39
80,110.250000,42.337500,10.0,3.01725,2.71386,3.32145,0.34353,39
80,110.250000,42.337500,20.0,3.80631,3.51892,4.06144,0.29139,39
80,110.250000,42.337500,40.0,3.05929,2.93064,3.20436,0.13993,39
80,110.250000,42.337500,60.0,3.28915,3.24423,3.33934,0.05901,39
80,110.250000,42.337500,80.0,3.52387,3.50172,3.54085,0.01890,39
80,110.250000,42.337500,100.0,3.55721,3.53269,3.57603,0.02163,39
81,110.416667,41.212500,2.0,2.77563,2.17268,3.27165,0.50787,39
81,110.416667,41.212500,5.0,2.89693,2.51285,3.24006,0.35466,39
81,110.416667,41.212500,10.0,3.15060,2.79880,3.58474,0.37737,39
81,110.416667,41.212500,20.0,3.84498,3.48108,4.09572,0.30419,39
81,110.416667,41.212500,40.0,3.01897,2.90246,3.20327,0.19043,39
81,110.416667,41.212500,60.0,3.27835,3.25373,3.33305,0.06096,39
81,110.416667,41.212500,80.0,3.52023,3.49951,3.54223,0.02824,39
81,110.416667,41.212500,100.0,3.55752,3.54099,3.58744,0.02404,39
82,110.416667,41.337500,2.0,2.66667,2.28640,3.15671,0.43816,39
82,110.416667,41.337500,5.0,2.88192,2.56078,3.18120,0.31021,39
82,110.416667,41.337500,10.0,3.07647,2.63491,3.40423,0.37330,39
82,110.416667,41.337500,20.0,3.69679,3.47203,3.94711,0.27189,39
82,110.416667,41.337500,40.0,3.07730,2.91450,3.27614,0.16180,39
82,110.416667,41.337500,60.0,3.25815,3.20757,3.29947,0.04433,39
82,110.416667,41.337500,80.0,3.52121,3.50357,3.53986,0.01660,39
82,110.416667,41.337500,100.0,3.54682,3.53029,3.56296,0.01956,39
83,110.416667,41.462500,2.0,2.77368,2.32183,3.30253,0.46575,39
83,110.416667,41.462500,5.0,2.91344,2.60507,3.22868,0.28194,39
83,110.416667,41.462500,10.0,3.05588,2.72925,3.43302,0.35399,39
83,110.416667,41.462500,20.0,3.70107,3.46231,4.04496,0.30794,39
83,110.416667,41.462500,40.0,2.98727,2.89908,3.16259,0.16751,39
83,110.416667,41.462500,60.0,3.24407,3.20194,3.30038,0.04747,39
83,110.416667,41.462500,80.0,3.51796,3.49928,3.53852,0.01990,39
83,110.416667,41.462500,100.0,3.55221,3.54010,3.57564,0.01909,39
84,110.416667,41.587500,2.0,2.78462,2.23937,3.30351,0.45632,39
84,110.416667,41.587500,5.0,2.92119,2.57515,3.21078,0.34477,39
84,110.416667,41.587500,10.0,2.93022,2.68358,3.43477,0.36643,39
84,110.416667,41.587500,20.0,3.88322,3.50193,4.15256,0.29693,39
84,110.416667,41.587500,40.0,3.04779,2.89347,3.16573,0.16298,39
84,110.416667,41.587500,60.0,3.24399,3.19902,3.29672,0.04911,39
84,110.416667,41.587500,80.0,3.52103,3.49822,3.54491,0.02499,39
84,110.416667,41.587500,100.0,3.55037,3.53400,3.57257,0.02400,39
85,110.416667,41.712500,2.0,2.75123,2.37985,3.33194,0.48367,39
85,110.416667,41.712500,5.0,3.00350,2.55990,3.31418,0.33950,39
85,110.416667,41.712500,10.0,3.11345,2.74056,3.36316,0.31142,39
85,110.416667,41.712500,20.0,3.86272,3.56834,4.18184,0.30827,39
85,110.416667,41.712500,40.0,3.10859,2.94593,3.22901,0.19441,39
85,110.416667,41.712500,60.0,3.26953,3.22326,3.33007,0.04951,39
85,110.416667,41.712500,80.0,3.52386,3.50336,3.55107,0.03046,39
85,110.416667,41.712500,100.0,3.56228,3.54073,3.58508,0.02266,39
86,110.416667,41.837500,2.0,2.90057,2.43536,3.33658,0.47585,39
86,110.416667,41.837500,5.0,2.95524,2.70717,3.40531,0.34407,39
86,110.416667,41.837500,10.0,3.25789,2.86453,3.52965,0.36407,39
86,110.416667,41.837500,20.0,3.86453,3.52923,4.08383,0.31436,39
86,110.416667,41.837500,40.0,2.96915,2.83697,3.11900,0.16668,39
86,110.416667,41.837500,60.0,3.24276,3.20144,3.29363,0.05175,39
86,110.416667,41.837500,80.0,3.51516,3.49462,3.52948,0.03383,39
86,110.416667,41.837500,100.0,3.57267,3.55514,3.59676,0.02219,39
87,110.416667,41.962500,2.0,2.84206,2.37533,3.30462,0.44113,39
87,110.416667,41.962500,5.0,3.00964,2.74658,3.28233,0.30584,39
87,110.416667,41.962500,10.0,3.24949,2.81478,3.61858,0.35627,39
87,110.416667,41.962500,20.0,3.84471,3.47619,4.05800,0.31938,39
87,110.416667,41.962500,40.0,2.97111,2.84339,3.11023,0.15575,39
87,110.416667,41.962500,60.0,3.23367,3.19344,3.28801,0.06091,39
87,110.416667,41.962500,80.0,3.50777,3.48937,3.53183,0.02470,39
87,110.416667,41.962500,100.0,3.55642,3.53884,3.57918,0.02223,39
88,110.416667,42.087500,2.0,2.78319,2.25940,3.28414,0.46174,39
88,110.416667,42.087500,5.0,3.02312,2.73348,3.34661,0.34415,39
88,110.416667,42.087500,10.0,3.37026,2.93308,3.79330,0.38444,39
88,110.416667,42.087500,20.0,3.82166,3.54772,4.04567,0.31953,39
88,110.416667,42.087500,40.0,2.91284,2.82656,3.01636,0.10020,39
88,110.416667,42.087500,60.0,3.23662,3.19511,3.28679,0.04282,39
88,110.416667,42.087500,80.0,3.49944,3.47656,3.53624,0.02735,39
88,110.416667,42.087500,100.0,3.55477,3.54066,3.57944,0.02321,39
89,110.416667,42.212500,2.0,2.79873,2.32186,3.27585,0.49527,39
89,110.416667,42.212500,5.0,3.10306,2.78575,3.51312,0.34586,39
89,110.416667,42.212500,10.0,3.58384,3.24846,3.97841,0.34253,39
89,110.416667,42.212500,20.0,3.78028,3.50772,4.11022,0.29347,39
89,110.416667,42.212500,40.0,2.93116,2.79161,3.08350,0.14197,39
89,110.416667,42.212500,60.0,3.24947,3.20787,3.32404,0.07186,39
89,110.416667,42.212500,80.0,3.50561,3.48555,3.53864,0.03895,39
89,110.416667,42.212500,100.0,3.56834,3.54352,3.59647,0.04199,39
90,110.416667,42.337500,2.0,2.60416,2.30952,3.19247,0.44940,39
90,110.416667,42.337500,5.0,2.90494,2.63421,3.20709,0.29738,39
90,110.416667,42.337500,10.0,3.22914,2.77677,3.69942,0.43241,39
90,110.416667,42.337500,20.0,3.92182,3.58431,4.23090,0.29456,39
90,110.416667,42.337500,40.0,2.96843,2.87478,3.13523,0.16242,39
90,110.416667,42.337500,60.0,3.28685,3.24896,3.35390,0.05428,39
90,110.416667,42.337500,80.0,3.51686,3.50384,3.54470,0.02659,39
90,110.416667,42.337500,100.0,3.55938,3.54327,3.58234,0.02432,39
91,110.583333,41.212500,2.0,2.66582,2.19939,3.21487,0.52817,39
91,110.583333,41.212500,5.0,3.00326,2.65996,3.46493,0.38222,39
91,110.583333,41.212500,10.0,3.47069,3.02959,3.99971,0.45279,39
91,110.583333,41.212500,20.0,3.75483,3.50827,4.21070,0.35254,39
91,110.583333,41.212500,40.0,3.12341,2.93317,3.36522,0.23607,39
91,110.583333,41.212500,60.0,3.32228,3.27834,3.40184,0.07279,39
91,110.583333,41.212500,80.0,3.53949,3.52190,3.58048,0.03794,39
91,110.583333,41.212500,100.0,3.59142,3.56377,3.62869,0.03027,39
92,110.583333,41.337500,2.0,2.67403,2.28985,3.08813,0.44506,39
92,110.583333,41.337500,5.0,2.88583,2.59882,3.15832,0.30296,39
92,110.583333,41.337500,10.0,3.00839,2.69030,3.51170,0.42563,39
92,110.583333,41.337500,20.0,3.72413,3.47704,4.08312,0.32834,39
92,110.583333,41.337500,40.0,3.15260,3.01282,3.37572,0.19567,39
92,110.583333,41.337500,60.0,3.29296,3.24362,3.35771,0.05890,39
92,110.583333,41.337500,80.0,3.52286,3.50881,3.54110,0.01862,39
92,110.583333,41.337500,100.0,3.54645,3.53302,3.56644,0.01819,39
93,110.583333,41.462500,2.0,2.69553,2.35551,3.15469,0.40278,39
93,110.583333,41.462500,5.0,2.91347,2.59158,3.10172,0.27672,39
93,110.583333,41.462500,10.0,3.00785,2.76052,3.37010,0.34374,39
93,110.583333,41.462500,20.0,3.75194,3.39146,4.05775,0.31367,39
93,110.583333,41.462500,40.0,3.12146,2.99212,3.31679,0.18467,39
93,110.583333,41.462500,60.0,3.27201,3.23444,3.31671,0.04809,39
93,110.583333,41.462500,80.0,3.52489,3.51011,3.54317,0.01850,39
93,110.583333,41.462500,100.0,3.55534,3.53609,3.57732,0.02415,39
94,110.583333,41.587500,2.0,2.73556,2.25786,3.07297,0.36716,39
94,110.583333,41.587500,5.0,2.87477,2.64350,3.15696,0.26257,39
94,110.583333,41.587500,10.0,3.01962,2.72453,3.40842,0.30239,39
94,110.583333,41.587500,20.0,3.75619,3.42359,3.96308,0.28239,39
94,110.583333,41.587500,40.0,3.03007,2.91497,3.16975,0.19643,39
94,110.583333,41.587500,60.0,3.23601,3.19254,3.29114,0.05345,39
94,110.583333,41.587500,80.0,3.51842,3.49946,3.53798,0.02098,39
94,110.583333,41.587500,100.0,3.55395,3.54131,3.57675,0.02099,39
95,110.583333,41.712500,2.0,2.77518,2.25401,3.30835,0.47330,39
95,110.583333,41.712500,5.0,2.84432,2.45680,3.06419,0.29529,39
95,110.583333,41.712500,10.0,2.94792,2.60987,3.41194,0.40992,39
95,110.583333,41.712500,20.0,3.81720,3.48083,4.03763,0.28872,39
95,110.583333,41.712500,40.0,3.00834,2.88756,3.14659,0.14726,39
95,110.583333,41.712500,60.0,3.24862,3.19728,3.27764,0.04533,39
95,110.583333,41.712500,80.0,3.51227,3.49784,3.53682,0.01921,39
95,110.583333,41.712500,100.0,3.55650,3.53230,3.57738,0.02916,39
96,110.583333,41.837500,2.0,2.82355,2.32176,3.21922,0.44748,39
96,110.583333,41.837500,5.0,2.84966,2.55581,3.23739,0.30599,39
96,110.583333,41.837500,10.0,3.12083,2.80407,3.43330,0.34725,39
96,110.583333,41.837500,20.0,3.79404,3.55780,4.21972,0.32641,39
96,110.583333,41.837500,40.0,2.99444,2.88538,3.11652,0.15848,39
96,110.583333,41.837500,60.0,3.24859,3.21490,3.29298,0.04606,39
96,110.583333,41.837500,80.0,3.51153,3.49803,3.53307,0.02035,39
96,110.583333,41.837500,100.0,3.55583,3.54552,3.58391,0.02116,39
97,110.583333,41.962500,2.0,2.73038,2.33935,3.28787,0.51636,39
97,110.583333,41.962500,5.0,2.85361,2.52423,3.16791,0.34179,39
97,110.583333,41.962500,10.0,3.29417,2.87727,3.59761,0.37010,39
97,110.583333,41.962500,20.0,3.75415,3.54612,4.09273,0.26993,39
97,110.583333,41.962500,40.0,2.93411,2.80367,3.08579,0.13821,39
97,110.583333,41.962500,60.0,3.23668,3.20619,3.27605,0.04722,39
97,110.583333,41.962500,80.0,3.50396,3.48629,3.52652,0.02655,39
97,110.583333,41.962500,100.0,3.55858,3.53775,3.58388,0.02682,39
98,110.583333,42.087500,2.0,2.80796,2.28324,3.29879,0.50393,39
98,110.583333,42.087500,5.0,2.96374,2.69761,3.31801,0.34434,39
98,110.583333,42.087500,10.0,3.35520,2.90414,3.81922,0.43733,39
98,110.583333,42.087500,20.0,3.72374,3.45544,4.03244,0.31251,39
98,110.583333,42.087500,40.0,2.92432,2.83169,3.08824,0.13395,39
98,110.583333,42.087500,60.0,3.23899,3.21180,3.28914,0.05630,39
98,110.583333,42.087500,80.0,3.50619,3.48970,3.52532,0.03074,39
98,110.583333,42.087500,100.0,3.57232,3.54305,3.59346,0.02854,39
99,110.583333,42.212500,2.0,2.72321,2.19892,3.12291,0.52030,39
99,110.583333,42.212500,5.0,3.12153,2.70480,3.38209,0.35533,39
99,110.583333,42.212500,10.0,3.53612,3.22663,3.95763,0.39129,39
99,110.583333,42.212500,20.0,3.75501,3.34752,4.03383,0.32649,39
99,110.583333,42.212500,40.0,2.94660,2.86836,3.11295,0.14047,39
99,110.583333,42.212500,60.0,3.24845,3.21862,3.30861,0.06184,39
99,110.583333,42.212500,80.0,3.51527,3.49262,3.53459,0.02353,39
99,110.583333,42.212500,100.0,3.56483,3.54516,3.58574,0.02176,39
100,110.583333,42.337500,2.0,2.71085,2.19445,3.09710,0.48522,39
100,110.583333,42.337500,5.0,2.99149,2.64664,3.33504,0.38392,39
100,110.583333,42.337500,10.0,3.36565,3.00920,3.81004,0.37201,39
100,110.583333,42.337500,20.0,3.89068,3.60575,4.15928,0.28564,39
100,110.583333,42.337500,40.0,3.04703,2.92151,3.21934,0.14997,39
100,110.583333,42.337500,60.0,3.28035,3.23766,3.32972,0.05410,39
100,110.583333,42.337500,80.0,3.52477,3.50570,3.54785,0.02290,39
100,110.583333,42.337500,100.0,3.57053,3.54896,3.59333,0.02722,39
101,110.750000,41.212500,2.0,2.77596,2.42896,3.18253,0.43131,39
101,110.750000,41.212500,5.0,2.98177,2.65023,3.33673,0.32120,39
101,110.750000,41.212500,10.0,3.12275,2.74674,3.48930,0.37006,39
101,110.750000,41.212500,20.0,3.73014,3.36522,3.97080,0.31462,39
101,110.750000,41.212500,40.0,3.10220,2.93494,3.23330,0.18513,39
101,110.750000,41.212500,60.0,3.28528,3.24563,3.32678,0.05194,39
101,110.750000,41.212500,80.0,3.52635,3.50728,3.54155,0.01809,39
101,110.750000,41.212500,100.0,3.54411,3.53469,3.56881,0.01920,39
102,110.750000,41.337500,2.0,2.90137,2.46489,3.39516,0.46772,39
102,110.750000,41.337500,5.0,3.12109,2.84680,3.39565,0.33088,39
102,110.750000,41.337500,10.0,3.00790,2.76867,3.39987,0.34679,39
102,110.750000,41.337500,20.0,3.75883,3.38828,3.92710,0.26944,39
102,110.750000,41.337500,40.0,3.26708,3.08428,3.48968,0.20180,39
102,110.750000,41.337500,60.0,3.28087,3.25107,3.33705,0.05008,39
102,110.750000,41.337500,80.0,3.52997,3.51012,3.54399,0.02364,39
102,110.750000,41.337500,100.0,3.55156,3.53142,3.56551,0.02130,39
103,110.750000,41.462500,2.0,2.76923,2.33592,3.07206,0.39722,39
103,110.750000,41.462500,5.0,2.85466,2.48792,3.17320,0.32018,39
103,110.750000,41.462500,10.0,3.07056,2.65437,3.53935,0.40725,39
103,110.750000,41.462500,20.0,3.82964,3.46022,4.05766,0.28755,39
103,110.750000,41.462500,40.0,3.08892,2.94614,3.22780,0.18194,39
103,110.750000,41.462500,60.0,3.26494,3.21035,3.29672,0.05899,39
103,110.750000,41.462500,80.0,3.51790,3.50148,3.54036,0.02642,39
103,110.750000,41.462500,100.0,3.56646,3.54523,3.58866,0.02109,39
104,110.750000,41.587500,2.0,2.83562,2.25443,3.30736,0.46342,39
104,110.750000,41.587500,5.0,2.92453,2.47420,3.19361,0.33578,39
104,110.750000,41.587500,10.0,2.93316,2.60103,3.34868,0.37164,39
104,110.750000,41.587500,20.0,3.82975,3.52832,4.04110,0.25424,39
104,110.750000,41.587500,40.0,3.08421,2.98668,3.31461,0.20360,39
104,110.750000,41.587500,60.0,3.27238,3.23143,3.34074,0.05380,39
104,110.750000,41.587500,80.0,3.51963,3.49573,3.53753,0.02270,39
104,110.750000,41.587500,100.0,3.55925,3.54310,3.57728,0.01852,39
105,110.750000,41.712500,2.0,2.68830,2.32558,3.08476,0.42942,39
105,110.750000,41.712500,5.0,2.90067,2.59901,3.25479,0.31967,39
105,110.750000,41.712500,10.0,3.07053,2.70466,3.34529,0.35519,39
105,110.750000,41.712500,20.0,3.80530,3.54471,4.12035,0.28859,39
105,110.750000,41.712500,40.0,2.97789,2.87909,3.13101,0.14238,39
105,110.750000,41.712500,60.0,3.25868,3.22469,3.30331,0.04397,39
105,110.750000,41.712500,80.0,3.51604,3.50151,3.53598,0.01679,39
105,110.750000,41.712500,100.0,3.56646,3.54885,3.59191,0.02586,39
106,110.750000,41.837500,2.0,2.79531,2.31213,3.20918,0.44839,39
106,110.750000,41.837500,5.0,2.91823,2.62852,3.26744,0.29363,39
106,110.750000,41.837500,10.0,3.10601,2.79866,3.48411,0.39147,39
106,110.750000,41.837500,20.0,3.78364,3.48353,4.14293,0.32967,39
106,110.750000,41.837500,40.0,3.00709,2.88445,3.19977,0.15912,39
106,110.750000,41.837500,60.0,3.25578,3.21761,3.32050,0.05242,39
106,110.750000,41.837500,80.0,3.51857,3.50105,3.55634,0.03218,39
106,110.750000,41.837500,100.0,3.56794,3.55121,3.59088,0.03086,39
107,110.750000,41.962500,2.0,2.90104,2.29223,3.32882,0.47190,39
107,110.750000,41.962500,5.0,2.94761,2.67837,3.20996,0.31696,39
107,110.750000,41.962500,10.0,3.07777,2.73963,3.51838,0.42276,39
107,110.750000,41.962500,20.0,3.71994,3.41661,3.99989,0.28366,39
107,110.750000,41.962500,40.0,2.98922,2.89182,3.12958,0.13591,39
107,110.750000,41.962500,60.0,3.24420,3.21465,3.27563,0.03993,39
107,110.750000,41.962500,80.0,3.51449,3.49654,3.53252,0.01743,39
107,110.750000,41.962500,100.0,3.56232,3.54923,3.58676,0.03114,39
108,110.750000,42.087500,2.0,2.88172,2.46964,3.36167,0.43766,39
108,110.750000,42.087500,5.0,2.90922,2.60393,3.18728,0.30751,39
108,110.750000,42.087500,10.0,3.18904,2.79818,3.55548,0.36003,39
108,110.750000,42.087500,20.0,3.91615,3.55323,4.14514,0.28502,39
108,110.750000,42.087500,40.0,2.90980,2.81344,3.04133,0.10506,39
108,110.750000,42.087500,60.0,3.25314,3.21326,3.29156,0.06268,39
108,110.750000,42.087500,80.0,3.50461,3.48518,3.53026,0.02095,39
108,110.750000,42.087500,100.0,3.56696,3.54734,3.59766,0.02825,39
109,110.750000,42.212500,2.0,2.69666,2.31297,3.19650,0.47680,39
109,110.750000,42.212500,5.0,2.97816,2.65263,3.32798,0.36823,39
109,110.750000,42.212500,10.0,3.30584,2.80749,3.67725,0.38492,39
109,110.750000,42.212500,20.0,3.72719,3.46334,4.09827,0.32714,39
109,110.750000,42.212500,40.0,3.05618,2.90463,3.28214,0.20462,39
109,110.750000,42.212500,60.0,3.26292,3.21289,3.31731,0.04980,39
109,110.750000,42.212500,80.0,3.52097,3.49606,3.54324,0.02720,39
109,110.750000,42.212500,100.0,3.57683,3.56529,3.59371,0.01662,39
110,110.750000,42.337500,2.0,2.75739,2.20960,3.15233,0.44628,39
110,110.750000,42.337500,5.0,2.96126,2.64923,3.29868,0.33980,39
110,110.750000,42.337500,10.0,3.14729,2.68497,3.61601,0.43202,39
110,110.750000,42.337500,20.0,3.76365,3.54800,4.16661,0.33562,39
110,110.750000,42.337500,40.0,3.17030,3.03005,3.40364,0.20958,39
110,110.750000,42.337500,60.0,3.28946,3.25645,3.34253,0.05688,39
110,110.750000,42.337500,80.0,3.52525,3.50715,3.54738,0.02270,39
110,110.750000,42.337500,100.0,3.56650,3.54865,3.58241,0.02275,39
111,110.916667,41.212500,2.0,2.92377,2.45290,3.33773,0.43798,39
111,110.916667,41.212500,5.0,2.98853,2.57039,3.27405,0.34129,39
111,110.916667,41.212500,10.0,3.13824,2.81591,3.56278,0.36003,39
111,110.916667,41.212500,20.0,3.96366,3.62973,4.33269,0.32799,39
111,110.916667,41.212500,40.0,3.22319,3.10962,3.43178,0.19881,39
111,110.916667,41.212500,60.0,3.31073,3.26026,3.36643,0.06543,39
111,110.916667,41.212500,80.0,3.52314,3.50954,3.55243,0.02687,39
111,110.916667,41.212500,100.0,3.55262,3.53193,3.58256,0.02409,39
112,110.916667,41.337500,2.0,2.74174,2.43601,3.31671,0.41485,39
112,110.916667,41.337500,5.0,3.05183,2.73584,3.41965,0.33435,39
112,110.916667,41.337500,10.0,3.17277,2.82246,3.46543,0.34040,39
112,110.916667,41.337500,20.0,3.80253,3.46012,4.11516,0.31344,39
112,110.916667,41.337500,40.0,3.27443,3.08960,3.61898,0.25604,39
112,110.916667,41.337500,60.0,3.30055,3.23570,3.36906,0.07360,39
112,110.916667,41.337500,80.0,3.52800,3.50885,3.54529,0.02088,39
112,110.916667,41.337500,100.0,3.55596,3.53480,3.57791,0.02168,39
113,110.916667,41.462500,2.0,2.75506,2.25656,3.31940,0.48877,39
113,110.916667,41.462500,5.0,2.94320,2.54552,3.28484,0.36408,39
113,110.916667,41.462500,10.0,3.14572,2.78773,3.62237,0.40777,39
113,110.916667,41.462500,20.0,3.88943,3.60315,4.08655,0.30151,39
113,110.916667,41.462500,40.0,2.99941,2.90532,3.08910,0.13757,39
113,110.916667,41.462500,60.0,3.25621,3.21901,3.30773,0.04800,39
113,110.916667,41.462500,80.0,3.50978,3.49313,3.53199,0.01888,39
113,110.916667,41.462500,100.0,3.56232,3.54762,3.58326,0.02371,39
114,110.916667,41.587500,2.0,2.78057,2.37348,3.44709,0.50207,39
114,110.916667,41.587500,5.0,2.96392,2.60476,3.30635,0.34388,39
114,110.916667,41.587500,10.0,3.10568,2.64894,3.59829,0.43374,39
114,110.916667,41.587500,20.0,3.89670,3.49207,4.25443,0.34863,39
114,110.916667,41.587500,40.0,3.00499,2.88285,3.15471,0.14850,39
114,110.916667,41.587500,60.0,3.25685,3.21838,3.28645,0.05572,39
114,110.916667,41.587500,80.0,3.51469,3.49385,3.53753,0.02206,39
114,110.916667,41.587500,100.0,3.56038,3.54192,3.57915,0.02334,39
115,110.916667,41.712500,2.0,2.80895,2.42363,3.38548,0.45702,39
115,110.916667,41.712500,5.0,2.85508,2.63829,3.18463,0.28087,39
115,110.916667,41.712500,10.0,3.03508,2.62909,3.38217,0.37050,39
115,110.916667,41.712500,20.0,3.90013,3.61173,4.16248,0.30586,39
115,110.916667,41.712500,40.0,3.04026,2.92635,3.25014,0.18572,39
115,110.916667,41.712500,60.0,3.27524,3.22667,3.31519,0.05198,39
115,110.916667,41.712500,80.0,3.51562,3.49920,3.55048,0.02838,39
115,110.916667,41.712500,100.0,3.56286,3.53944,3.58574,0.02646,39
116,110.916667,41.837500,2.0,2.71693,2.30133,3.26870,0.43426,39
116,110.916667,41.837500,5.0,2.86831,2.59450,3.14917,0.26039,39
116,110.916667,41.837500,10.0,2.90607,2.52076,3.26687,0.32786,39
116,110.916667,41.837500,20.0,3.77058,3.48485,4.09098,0.29260,39
116,110.916667,41.837500,40.0,3.03634,2.92927,3.20419,0.16362,39
116,110.916667,41.837500,60.0,3.25352,3.22168,3.29282,0.03658,39
116,110.916667,41.837500,80.0,3.52502,3.50678,3.54007,0.01983,39
116,110.916667,41.837500,100.0,3.55215,3.53624,3.57128,0.02101,39
117,110.916667,41.962500,2.0,2.68656,2.21492,3.21843,0.44735,39
117,110.916667,41.962500,5.0,2.79963,2.49282,3.08063,0.31501,39
117,110.916667,41.962500,10.0,3.07204,2.69599,3.47147,0.35801,39
117,110.916667,41.962500,20.0,3.81863,3.48920,4.07463,0.29716,39
117,110.916667,41.962500,40.0,3.00063,2.90501,3.18447,0.15221,39
117,110.916667,41.962500,60.0,3.26416,3.22812,3.30456,0.04181,39
117,110.916667,41.962500,80.0,3.51714,3.49856,3.52894,0.01618,39
117,110.916667,41.962500,100.0,3.55944,3.53470,3.57212,0.01923,39
118,110.916667,42.087500,2.0,2.59625,2.00981,3.18880,0.58291,39
118,110.916667,42.087500,5.0,2.96378,2.66941,3.28462,0.31172,39
118,110.916667,42.087500,10.0,3.28052,2.91233,3.72521,0.44368,39
118,110.916667,42.087500,20.0,3.82049,3.47610,4.09095,0.31227,39
118,110.916667,42.087500,40.0,3.03327,2.94981,3.19019,0.15331,39
118,110.916667,42.087500,60.0,3.27911,3.23774,3.34442,0.05323,39
118,110.916667,42.087500,80.0,3.52239,3.50748,3.54187,0.02058,39
118,110.916667,42.087500,100.0,3.56593,3.54593,3.58901,0.02273,39
119,110.916667,42.212500,2.0,2.63842,2.01727,3.31938,0.62461,39
119,110.916667,42.212500,5.0,2.94387,2.61938,3.37980,0.38589,39
119,110.916667,42.212500,10.0,3.24351,2.94069,3.70476,0.39463,39
119,110.916667,42.212500,20.0,3.76445,3.52379,4.08458,0.32643,39
119,110.916667,42.212500,40.0,3.05452,2.93022,3.24334,0.16771,39
119,110.916667,42.212500,60.0,3.26576,3.22732,3.30528,0.03772,39
119,110.916667,42.212500,80.0,3.51783,3.49753,3.54585,0.02497,39
119,110.916667,42.212500,100.0,3.57841,3.55149,3.60596,0.02707,39
120,110.916667,42.337500,2.0,2.71299,2.24041,3.27463,0.54253,39
120,110.916667,42.337500,5.0,3.07771,2.69609,3.36682,0.37392,39
120,110.916667,42.337500,10.0,3.11091,2.77864,3.49916,0.37529,39
120,110.916667,42.337500,20.0,3.63498,3.34495,4.04122,0.30559,39
120,110.916667,42.337500,40.0,3.26949,3.12179,3.53630,0.23351,39
120,110.916667,42.337500,60.0,3.28098,3.23072,3.33976,0.05760,39
120,110.916667,42.337500,80.0,3.52290,3.49305,3.54632,0.02290,39
120,110.916667,42.337500,100.0,3.56964,3.54189,3.58198,0.02029,39
121,111.083333,41.212500,2.0,3.05923,2.66271,3.50032,0.44417,39
121,111.083333,41.212500,5.0,3.17847,2.85200,3.47724,0.32048,39
121,111.083333,41.212500,10.0,3.12282,2.73213,3.61535,0.41490,39
121,111.083333,41.212500,20.0,3.89549,3.53973,4.36141,0.38219,39
121,111.083333,41.212500,40.0,3.48212,3.25037,3.82169,0.27421,39
121,111.083333,41.212500,60.0,3.33821,3.28098,3.41537,0.07273,39
121,111.083333,41.212500,80.0,3.53087,3.50006,3.55601,0.02625,39
121,111.083333,41.212500,100.0,3.56040,3.54068,3.58428,0.02190,39
122,111.083333,41.337500,2.0,3.05744,2.52578,3.56558,0.49593,39
122,111.083333,41.337500,5.0,3.19153,2.67749,3.59346,0.40522,39
122,111.083333,41.337500,10.0,3.25680,2.78086,3.62765,0.43663,39
122,111.083333,41.337500,20.0,3.80285,3.55777,4.24655,0.32999,39
122,111.083333,41.337500,40.0,3.25574,3.05758,3.41071,0.21720,39
122,111.083333,41.337500,60.0,3.31298,3.24545,3.37885,0.07208,39
122,111.083333,41.337500,80.0,3.53170,3.50396,3.55683,0.03048,39
122,111.083333,41.337500,100.0,3.58451,3.55086,3.61297,0.02816,39
123,111.083333,41.462500,2.0,2.92204,2.50405,3.61297,0.52183,39
123,111.083333,41.462500,5.0,3.19261,2.77767,3.51416,0.35372,39
123,111.083333,41.462500,10.0,3.31856,2.87661,3.64398,0.37706,39
123,111.083333,41.462500,20.0,3.91545,3.68010,4.21559,0.27216,39
123,111.083333,41.462500,40.0,3.05497,2.92910,3.25296,0.18582,39
123,111.083333,41.462500,60.0,3.28545,3.22749,3.35619,0.07369,39
123,111.083333,41.462500,80.0,3.51810,3.49522,3.54167,0.02401,39
123,111.083333,41.462500,100.0,3.56809,3.55164,3.59253,0.02209,39
124,111.083333,41.587500,2.0,2.75772,2.41566,3.24664,0.43417,39
124,111.083333,41.587500,5.0,2.78449,2.55115,3.09720,0.28864,39
124,111.083333,41.587500,10.0,3.00816,2.61306,3.39134,0.38141,39
124,111.083333,41.587500,20.0,3.82915,3.57878,4.21068,0.32090,39
124,111.083333,41.587500,40.0,3.13726,3.02102,3.34418,0.20250,39
124,111.083333,41.587500,60.0,3.28694,3.23561,3.34553,0.06011,39
124,111.083333,41.587500,80.0,3.52909,3.51058,3.55505,0.02397,39
124,111.083333,41.587500,100.0,3.56916,3.54862,3.58229,0.02285,39
125,111.083333,41.712500,2.0,2.87172,2.34496,3.47917,0.54137,39
125,111.083333,41.712500,5.0,2.94810,2.62355,3.34373,0.33164,39
125,111.083333,41.712500,10.0,2.92082,2.60326,3.42367,0.40440,39
125,111.083333,41.712500,20.0,3.78965,3.59444,4.11297,0.25708,39
125,111.083333,41.712500,40.0,3.10116,2.91859,3.29880,0.21340,39
125,111.083333,41.712500,60.0,3.28244,3.22080,3.32222,0.05131,39
125,111.083333,41.712500,80.0,3.52032,3.50521,3.54331,0.02107,39
125,111.083333,41.712500,100.0,3.55881,3.54181,3.57538,0.02024,39
126,111.083333,41.837500,2.0,2.70629,2.33156,3.18559,0.41687,39
126,111.083333,41.837500,5.0,2.87278,2.68949,3.14325,0.25927,39
126,111.083333,41.837500,10.0,2.98083,2.70452,3.33299,0.32617,39
126,111.083333,41.837500,20.0,3.86494,3.62373,4.11001,0.28119,39
126,111.083333,41.837500,40.0,3.10497,2.97384,3.26971,0.19498,39
126,111.083333,41.837500,60.0,3.27575,3.24255,3.31423,0.05647,39
126,111.083333,41.837500,80.0,3.52541,3.50868,3.54041,0.02468,39
126,111.083333,41.837500,100.0,3.56589,3.54859,3.58303,0.01912,39
127,111.083333,41.962500,2.0,2.72342,2.35137,3.22093,0.42906,39
127,111.083333,41.962500,5.0,2.79627,2.50299,3.15996,0.34627,39
127,111.083333,41.962500,10.0,2.94319,2.60452,3.32380,0.37364,39
127,111.083333,41.962500,20.0,3.86796,3.48322,4.11803,0.30825,39
127,111.083333,41.962500,40.0,3.20351,3.05335,3.50966,0.20611,39
127,111.083333,41.962500,60.0,3.26965,3.24821,3.34612,0.05954,39
127,111.083333,41.962500,80.0,3.52685,3.50826,3.54364,0.01910,39
127,111.083333,41.962500,100.0,3.56496,3.55290,3.58228,0.01707,39
128,111.083333,42.087500,2.0,2.56612,2.09782,3.24347,0.50667,39
128,111.083333,42.087500,5.0,2.95162,2.61250,3.35266,0.34394,39
128,111.083333,42.087500,10.0,3.32874,2.89848,3.60735,0.39255,39
128,111.083333,42.087500,20.0,3.78843,3.43853,3.99395,0.30781,39
128,111.083333,42.087500,40.0,3.07762,2.95424,3.28124,0.19383,39
128,111.083333,42.087500,60.0,3.26514,3.22994,3.32709,0.05501,39
128,111.083333,42.087500,80.0,3.52221,3.50766,3.53748,0.01968,39
128,111.083333,42.087500,100.0,3.56955,3.55584,3.59148,0.02278,39
129,111.083333,42.212500,2.0,2.53792,1.99316,3.06025,0.53242,39
129,111.083333,42.212500,5.0,2.86789,2.53722,3.12354,0.36359,39
129,111.083333,42.212500,10.0,3.25586,2.74361,3.64157,0.41755,39
129,111.083333,42.212500,20.0,3.73014,3.42971,4.07424,0.34820,39
129,111.083333,42.212500,40.0,3.19241,3.06028,3.37255,0.17124,39
129,111.083333,42.212500,60.0,3.28327,3.23154,3.36376,0.07563,39
129,111.083333,42.212500,80.0,3.51923,3.50576,3.54464,0.02166,39
129,111.083333,42.212500,100.0,3.57163,3.55358,3.60217,0.02479,39
130,111.083333,42.337500,2.0,2.59322,2.00663,3.12644,0.50621,39
130,111.083333,42.337500,5.0,2.83380,2.47552,3.14404,0.31199,39
130,111.083333,42.337500,10.0,3.17590,2.80791,3.60559,0.41598,39
130,111.083333,42.337500,20.0,3.80002,3.50354,3.94132,0.27159,39
130,111.083333,42.337500,40.0,3.38191,3.20753,3.55678,0.18987,39
130,111.083333,42.337500,60.0,3.29964,3.25310,3.36108,0.06006,39
130,111.083333,42.337500,80.0,3.51157,3.49144,3.53202,0.01917,39
130,111.083333,42.337500,100.0,3.56051,3.54203,3.57591,0.01757,39
131,111.250000,41.212500,2.0,3.01699,2.55134,3.39803,0.48091,39
131,111.250000,41.212500,5.0,3.18694,2.82201,3.53833,0.32879,39
131,111.250000,41.212500,10.0,3.29987,2.70609,3.64048,0.46661,39
131,111.250000,41.212500,20.0,3.88605,3.54613,4.21545,0.33110,39
131,111.250000,41.212500,40.0,3.50519,3.32491,3.76429,0.21043,39
131,111.250000,41.212500,60.0,3.32357,3.25851,3.41488,0.08996,39
131,111.250000,41.212500,80.0,3.51936,3.49478,3.54638,0.02555,39
131,111.250000,41.212500,100.0,3.54956,3.53175,3.56630,0.01879,39
132,111.250000,41.337500,2.0,3.00485,2.45631,3.51059,0.47404,39
132,111.250000,41.337500,5.0,3.08637,2.62293,3.51157,0.38331,39
132,111.250000,41.337500,10.0,3.08400,2.69512,3.45634,0.37432,39
132,111.250000,41.337500,20.0,3.83246,3.50609,4.13464,0.35684,39
132,111.250000,41.337500,40.0,3.47549,3.26571,3.70430,0.22460,39
132,111.250000,41.337500,60.0,3.32672,3.27424,3.38544,0.06821,39
132,111.250000,41.337500,80.0,3.53183,3.50689,3.55587,0.02620,39
132,111.250000,41.337500,100.0,3.56843,3.55306,3.59959,0.02502,39
133,111.250000,41.462500,2.0,2.90312,2.35417,3.40101,0.49475,39
133,111.250000,41.462500,5.0,2.90301,2.67974,3.34226,0.32307,39
133,111.250000,41.462500,10.0,2.94301,2.59799,3.33805,0.36824,39
133,111.250000,41.462500,20.0,3.77951,3.60073,4.08275,0.27427,39
133,111.250000,41.462500,40.0,3.29356,3.06555,3.58381,0.25726,39
133,111.250000,41.462500,60.0,3.28203,3.24994,3.35389,0.05389,39
133,111.250000,41.462500,80.0,3.52732,3.50960,3.54854,0.01941,39
133,111.250000,41.462500,100.0,3.56518,3.54703,3.58035,0.01564,39
134,111.250000,41.587500,2.0,3.05585,2.48542,3.55353,0.55831,39
134,111.250000,41.587500,5.0,3.14622,2.74640,3.37191,0.33628,39
134,111.250000,41.587500,10.0,3.04349,2.72150,3.55374,0.40736,39
134,111.250000,41.587500,20.0,3.81659,3.57616,4.03168,0.27177,39
134,111.250000,41.587500,40.0,3.15011,3.00452,3.39198,0.20557,39
134,111.250000,41.587500,60.0,3.26687,3.21101,3.33450,0.05896,39
134,111.250000,41.587500,80.0,3.52079,3.50109,3.54715,0.02635,39
134,111.250000,41.587500,100.0,3.56073,3.54596,3.59236,0.02545,39
135,111.250000,41.712500,2.0,2.89838,2.47490,3.31869,0.43739,39
135,111.250000,41.712500,5.0,2.83725,2.67126,3.18313,0.31963,39
135,111.250000,41.712500,10.0,2.98574,2.65814,3.39790,0.38257,39
135,111.250000,41.712500,20.0,3.86562,3.58649,4.14352,0.29812,39
135,111.250000,41.712500,40.0,3.15659,2.99624,3.34212,0.20942,39
135,111.250000,41.712500,60.0,3.27759,3.23915,3.32765,0.06050,39
135,111.250000,41.712500,80.0,3.52817,3.50528,3.54408,0.02301,39
135,111.250000,41.712500,100.0,3.57166,3.54987,3.58910,0.02096,39
136,111.250000,41.837500,2.0,2.74582,2.32464,3.27155,0.48410,39
136,111.250000,41.837500,5.0,2.82750,2.48182,3.13020,0.29543,39
136,111.250000,41.837500,10.0,3.05418,2.60145,3.42531,0.38737,39
136,111.250000,41.837500,20.0,3.83794,3.54038,4.03860,0.25001,39
136,111.250000,41.837500,40.0,3.10917,2.95587,3.35384,0.21372,39
136,111.250000,41.837500,60.0,3.28939,3.23543,3.34828,0.06655,39
136,111.250000,41.837500,80.0,3.52931,3.50971,3.55855,0.02358,39
136,111.250000,41.837500,100.0,3.57195,3.55127,3.58919,0.01987,39
137,111.250000,41.962500,2.0,2.86256,2.40883,3.50463,0.53380,39
137,111.250000,41.962500,5.0,2.92021,2.59237,3.24819,0.33316,39
137,111.250000,41.962500,10.0,3.03729,2.47104,3.46802,0.44919,39
137,111.250000,41.962500,20.0,3.85770,3.49436,4.18874,0.33956,39
137,111.250000,41.962500,40.0,3.23831,3.07584,3.47433,0.22285,39
137,111.250000,41.962500,60.0,3.29100,3.23031,3.37027,0.07130,39
137,111.250000,41.962500,80.0,3.52261,3.50671,3.54187,0.02247,39
137,111.250000,41.962500,100.0,3.58107,3.56624,3.60531,0.01964,39
138,111.250000,42.087500,2.0,2.77531,2.39432,3.17875,0.41963,39
138,111.250000,42.087500,5.0,2.89517,2.44483,3.11674,0.27932,39
138,111.250000,42.087500,10.0,2.90606,2.51337,3.20344,0.35431,39
138,111.250000,42.087500,20.0,3.79222,3.51098,4.12437,0.29670,39
138,111.250000,42.087500,40.0,3.15326,3.04680,3.36652,0.21377,39
138,111.250000,42.087500,60.0,3.28316,3.24306,3.33458,0.04614,39
138,111.250000,42.087500,80.0,3.52249,3.51009,3.55034,0.01855,39
138,111.250000,42.087500,100.0,3.56745,3.54400,3.58637,0.02019,39
139,111.250000,42.212500,2.0,2.90467,2.37415,3.39913,0.47466,39
139,111.250000,42.212500,5.0,2.99134,2.68951,3.25481,0.31092,39
139,111.250000,42.212500,10.0,2.97067,2.67426,3.44981,0.37775,39
139,111.250000,42.212500,20.0,3.90544,3.58709,4.23042,0.32272,39
139,111.250000,42.212500,40.0,3.20859,3.05252,3.39693,0.22566,39
139,111.250000,42.212500,60.0,3.28596,3.24572,3.33291,0.05650,39
139,111.250000,42.212500,80.0,3.52385,3.50776,3.55020,0.02337,39
139,111.250000,42.212500,100.0,3.57369,3.55352,3.59117,0.02095,39
140,111.250000,42.337500,2.0,3.04164,2.44269,3.39659,0.42651,39
140,111.250000,42.337500,5.0,3.01725,2.73264,3.29398,0.30653,39
140,111.250000,42.337500,10.0,3.08179,2.72372,3.49109,0.36710,39
140,111.250000,42.337500,20.0,4.18386,3.77210,4.43988,0.33525,39
140,111.250000,42.337500,40.0,3.60701,3.43906,3.96381,0.27487,39
140,111.250000,42.337500,60.0,3.35125,3.27051,3.42669,0.09453,39
140,111.250000,42.337500,80.0,3.51443,3.48956,3.54543,0.02660,39
140,111.250000,42.337500,100.0,3.57045,3.54673,3.59179,0.02444,39
141,111.416667,41.212500,2.0,3.04278,2.52619,3.68197,0.55862,39
141,111.416667,41.212500,5.0,3.51377,3.06677,3.89926,0.39084,39
141,111.416667,41.212500,10.0,3.58726,3.13225,3.96966,0.40437,39
141,111.416667,41.212500,20.0,3.52613,3.23579,3.79990,0.27673,39
141,111.416667,41.212500,40.0,3.41158,3.17549,3.66245,0.25536,39
141,111.416667,41.212500,60.0,3.33197,3.26527,3.42337,0.08242,39
141,111.416667,41.212500,80.0,3.51896,3.49902,3.55320,0.02551,39
141,111.416667,41.212500,100.0,3.57008,3.55233,3.58594,0.01974,39
142,111.416667,41.337500,2.0,2.96691,2.45768,3.43434,0.48246,39
142,111.416667,41.337500,5.0,3.11458,2.79667,3.38678,0.32031,39
142,111.416667,41.337500,10.0,3.06821,2.62328,3.48244,0.42345,39
142,111.416667,41.337500,20.0,3.80138,3.47170,4.03591,0.30017,39
142,111.416667,41.337500,40.0,3.27203,3.12961,3.50472,0.20136,39
142,111.416667,41.337500,60.0,3.30269,3.25224,3.36757,0.06173,39
142,111.416667,41.337500,80.0,3.52557,3.50419,3.54671,0.02197,39
142,111.416667,41.337500,100.0,3.56244,3.54554,3.58721,0.02001,39
143,111.416667,41.462500,2.0,2.91311,2.45227,3.43866,0.47616,39
143,111.416667,41.462500,5.0,3.09386,2.77794,3.45640,0.34736,39
143,111.416667,41.462500,10.0,3.21233,2.80991,3.65028,0.38115,39
143,111.416667,41.462500,20.0,3.84826,3.60138,4.07446,0.26743,39
143,111.416667,41.462500,40.0,3.16900,3.04608,3.37384,0.18530,39
143,111.416667,41.462500,60.0,3.29914,3.23261,3.36318,0.06659,39
143,111.416667,41.462500,80.0,3.52464,3.49834,3.54414,0.02172,39
143,111.416667,41.462500,100.0,3.55752,3.54215,3.58531,0.02124,39
144,111.416667,41.587500,2.0,2.83455,2.33436,3.43083,0.48209,39
144,111.416667,41.587500,5.0,2.96954,2.62248,3.22152,0.32916,39
144,111.416667,41.587500,10.0,2.98352,2.64843,3.45248,0.36233,39
144,111.416667,41.587500,20.0,3.73346,3.48380,4.03669,0.30817,39
144,111.416667,41.587500,40.0,3.18408,3.04179,3.42953,0.24085,39
144,111.416667,41.587500,60.0,3.29195,3.23783,3.33508,0.05586,39
144,111.416667,41.587500,80.0,3.52977,3.51016,3.54768,0.01824,39
144,111.416667,41.587500,100.0,3.57015,3.55255,3.58712,0.01892,39
145,111.416667,41.712500,2.0,2.98767,2.38806,3.37476,0.48265,39
145,111.416667,41.712500,5.0,3.02202,2.59937,3.36224,0.34232,39
145,111.416667,41.712500,10.0,3.02810,2.65198,3.45961,0.41941,39
145,111.416667,41.712500,20.0,3.81871,3.49474,4.21540,0.34318,39
145,111.416667,41.712500,40.0,3.49841,3.21465,3.76383,0.27002,39
145,111.416667,41.712500,60.0,3.29575,3.24500,3.37086,0.07445,39
145,111.416667,41.712500,80.0,3.52831,3.50779,3.55253,0.03425,39
145,111.416667,41.712500,100.0,3.56983,3.54718,3.59013,0.03366,39
146,111.416667,41.837500,2.0,2.95916,2.53102,3.31828,0.47209,39
146,111.416667,41.837500,5.0,3.03057,2.64875,3.32606,0.31383,39
146,111.416667,41.837500,10.0,3.06263,2.74639,3.49675,0.40201,39
146,111.416667,41.837500,20.0,3.86742,3.61490,4.18998,0.28132,39
146,111.416667,41.837500,40.0,3.64803,3.39049,4.01784,0.26729,39
146,111.416667,41.837500,60.0,3.32072,3.26015,3.39876,0.07209,39
146,111.416667,41.837500,80.0,3.52443,3.50341,3.55023,0.02675,39
146,111.416667,41.837500,100.0,3.58140,3.55889,3.60665,0.02287,39
147,111.416667,41.962500,2.0,2.92870,2.43801,3.47187,0.50422,39
147,111.416667,41.962500,5.0,2.99942,2.75522,3.27179,0.31955,39
147,111.416667,41.962500,10.0,3.01238,2.57469,3.37790,0.42841,39
147,111.416667,41.962500,20.0,3.95966,3.71088,4.15755,0.28528,39
147,111.416667,41.962500,40.0,3.49236,3.29520,3.88955,0.31973,39
147,111.416667,41.962500,60.0,3.30946,3.24390,3.37473,0.06995,39
147,111.416667,41.962500,80.0,3.52121,3.50873,3.54384,0.02202,39
147,111.416667,41.962500,100.0,3.58002,3.56277,3.61130,0.02400,39
148,111.416667,42.087500,2.0,2.78938,2.34289,3.20379,0.43569,39
148,111.416667,42.087500,5.0,3.05061,2.67056,3.33107,0.39215,39
148,111.416667,42.087500,10.0,3.10886,2.67632,3.47726,0.40306,39
148,111.416667,42.087500,20.0,3.69568,3.48414,4.03483,0.28041,39
148,111.416667,42.087500,40.0,3.28235,3.10459,3.53333,0.22302,39
148,111.416667,42.087500,60.0,3.28046,3.21198,3.32854,0.05885,39
148,111.416667,42.087500,80.0,3.52400,3.49803,3.54631,0.02579,39
148,111.416667,42.087500,100.0,3.57486,3.55840,3.59427,0.01966,39
149,111.416667,42.212500,2.0,2.78511,2.30273,3.45461,0.49984,39
149,111.416667,42.212500,5.0,3.13016,2.75135,3.47236,0.36427,39
149,111.416667,42.212500,10.0,3.06815,2.71981,3.63303,0.41245,39
149,111.416667,42.212500,20.0,3.76443,3.35815,4.15831,0.37157,39
149,111.416667,42.212500,40.0,3.90268,3.53171,4.18781,0.32112,39
149,111.416667,42.212500,60.0,3.31513,3.24329,3.39285,0.08348,39
149,111.416667,42.212500,80.0,3.50057,3.47577,3.52072,0.02406,39
149,111.416667,42.212500,100.0,3.56746,3.54919,3.59384,0.01989,39
150,111.416667,42.337500,2.0,3.17051,2.83085,3.63962,0.41601,39
150,111.416667,42.337500,5.0,3.14008,2.72646,3.36716,0.30621,39
150,111.416667,42.337500,10.0,3.59629,3.19287,3.94098,0.38851,39
150,111.416667,42.337500,20.0,4.06308,3.68169,4.28215,0.30263,39
150,111.416667,42.337500,40.0,4.62240,4.28706,4.94417,0.36566,39
150,111.416667,42.337500,60.0,3.77902,3.66602,3.91547,0.13427,39
150,111.416667,42.337500,80.0,3.48151,3.41806,3.54967,0.07663,39
150,111.416667,42.337500,100.0,3.63302,3.58557,3.67600,0.04950,39
