disp_best_mae_km_s,disp_best_matched_points,disp_best_rms_km_s,fitness_min,lambda_reg,lat,lon,niter_median,num_init_requested,num_pred,num_valid,runtime_s,site_index,status,vs_mean_mae_km_s,vs_median_bias_km_s,vs_median_mae_km_s,vs_width,z_sample_max_km
0.0068526859143069885,24,0.00945182980774657,0.00013616296849755904,0.01,21.0,100.0,12.0,64,51,51,1.265575885772705,2,ok,0.06964924911883583,-0.06208272737550594,0.09020265183745489,1.2,120.0
0.008262578761022118,24,0.009959733222280548,0.0001880194363562024,0.01,22.600000381469727,100.0,14.0,64,52,52,1.464829921722412,7,ok,0.0752505825128227,-0.035652100072432566,0.08990345319497733,1.2,120.0
0.005774305695359651,17,0.00739468186730332,0.00012032239901931213,0.01,28.799999237060547,100.19999694824219,18.0,64,53,53,1.6104092597961426,153,ok,0.1845743334609695,-0.16978696811475377,0.2012969879188655,1.2,120.0
0.013562132542907194,17,0.015493071262081725,0.0003251223864626113,0.01,37.20000076293945,100.4000015258789,15.5,64,54,54,1.402785062789917,296,ok,0.11667688765371897,-0.08495839440890236,0.1270459435826149,1.2,120.0
0.00911763973632762,24,0.011079190631442559,0.00015524359290169744,0.01,46.20000076293945,100.4000015258789,12.0,64,55,55,1.5631890296936035,331,ok,0.11482672369468884,-0.028104072681842104,0.11851754207818277,1.2,120.0
0.00831683265311535,17,0.00939884982350003,0.0001896303869325435,0.01,30.799999237060547,100.80000305175781,14.0,64,52,52,1.29551100730896,493,ok,0.14537296888575027,-0.08355064468812605,0.15240337460240752,1.2,120.0
0.005368164957241174,17,0.006983022090134214,6.010764610954869e-05,0.01,38.79999923706055,101.0,10.0,64,50,50,1.1520977020263672,658,ok,0.0953414631991293,-0.07048793273800168,0.1113748950900917,1.2,120.0
0.008916895305865443,24,0.010588913759880246,0.00016343743349383154,0.01,43.79999923706055,101.19999694824219,13.0,64,52,52,1.303992748260498,786,ok,0.10513801553721619,0.036414740306138685,0.10381510518322214,1.2,120.0
0.003814218993558526,17,0.004432723266483772,0.00010213881210598106,0.01,38.0,101.5999984741211,13.0,64,53,53,1.3194730281829834,992,ok,0.10970882071724683,-0.07105456051305557,0.1080111668006791,1.2,120.0
0.004285042283100762,17,0.005047145260514645,4.113615654297938e-05,0.01,42.0,101.5999984741211,11.0,64,51,51,0.984752893447876,1009,ok,0.07419051728013028,0.03243235805391066,0.06753310563171339,1.2,120.0
0.0037302941517229644,17,0.004783387950930154,2.931589697386668e-05,0.01,23.399999618530273,101.80000305175781,12.0,64,51,51,1.4437718391418457,1040,ok,0.08492032689319531,-0.024233980225027908,0.08207305082620825,1.2,120.0
0.005232683636596804,17,0.00621468427573655,6.614970871736482e-05,0.01,32.79999923706055,101.80000305175781,15.5,64,50,50,1.36317777633667,1087,ok,0.13118996599170474,-0.13479647445690682,0.14381177120641817,1.2,120.0
0.008379886593869882,24,0.012123962420109633,0.00020518330272831215,0.01,24.600000381469727,102.0,14.0,64,52,52,1.7158451080322266,1148,ok,0.10958270428455019,-0.07394488487823106,0.1185490793972431,1.2,120.0
0.013847228495631025,17,0.01602082367321898,0.00039772973370649203,0.01,36.79999923706055,102.0,17.0,64,53,53,1.6683368682861328,1209,ok,0.20349585656000885,-0.013598877170475062,0.20913891303733614,1.2,120.0
0.0032734051609467824,17,0.00384603049753605,6.140497184901448e-05,0.01,21.399999618530273,102.19999694824219,15.0,64,53,53,1.4340791702270508,1254,ok,0.0939286400972265,-0.0689194207234841,0.10562594000464363,1.2,120.0
0.01480334700025059,17,0.018016204155038934,0.0006886518631945917,0.01,34.400001525878906,102.19999694824219,19.0,64,61,61,1.909773826599121,1319,ok,0.16633837394552922,-0.15736249092239582,0.1976040607168257,1.2,120.0
0.010829885448053536,17,0.015188928539416856,0.00024487676398910434,0.01,38.0,102.19999694824219,10.0,64,51,51,1.1950981616973877,1337,ok,0.07259792331543641,-0.0770064884205086,0.08027382458615563,1.2,120.0
0.009164887432068725,24,0.01100832609171708,0.00016705560908250033,0.01,36.20000076293945,102.4000015258789,13.0,64,57,57,1.6817739009857178,1429,ok,0.08616626659380881,-0.06728973296001711,0.09974517948488534,1.2,120.0
0.011101378497194189,24,0.014080131003575717,0.00022601218809686,0.01,38.20000076293945,102.4000015258789,13.0,64,51,51,1.4131860733032227,1439,ok,0.08429888958368564,-0.010582112193192519,0.0918273042115719,1.2,120.0
0.007053081576651998,17,0.010015143705575415,0.00012853713969402,0.01,30.0,103.0,14.0,64,54,54,1.2686078548431396,1749,ok,0.11883896196531617,0.029328347758996544,0.11647628726013995,1.2,120.0
0.0048280523189140265,17,0.005801616952919868,4.673221705090665e-05,0.01,37.20000076293945,103.4000015258789,13.0,64,53,53,1.1807260513305664,2011,ok,0.062405793020592626,-0.0405939867699222,0.09584643440112944,1.2,120.0
0.0028213922252259215,19,0.0032952934651245074,5.320499747907133e-05,0.01,20.600000381469727,103.5999984741211,13.0,64,54,54,1.1050910949707031,2036,ok,0.1194136748228037,-0.0712388694788044,0.13166416939053996,1.2,120.0
0.0034127673630499882,17,0.004003946520110086,2.61990561532982e-05,0.01,22.799999237060547,103.5999984741211,11.0,64,50,50,1.0601670742034912,2044,ok,0.0928886407978359,-0.10329662247820526,0.10596301790437693,1.2,120.0
0.0023349700632581847,17,0.0029647575062404343,2.127940000315106e-05,0.01,28.799999237060547,103.5999984741211,13.0,64,49,49,1.2192769050598145,2074,ok,0.0531567306435629,-0.04427826147031331,0.07080044433083908,1.2,120.0
0.004473555417236832,17,0.005669978812354705,5.452247481642264e-05,0.01,29.200000762939453,103.5999984741211,12.0,64,51,51,1.216562271118164,2076,ok,0.07081878247063203,-0.0216625055246834,0.0683837508574173,1.2,120.0
0.014012100525715705,17,0.01904428885453066,0.0003914001658696115,0.01,42.0,103.5999984741211,12.0,64,58,58,1.0610089302062988,2140,ok,0.14001700895165028,0.02533907363694467,0.12861331747643817,1.2,120.0
0.003899959876921103,17,0.005104261250304534,6.176761422930848e-05,0.01,34.400001525878906,104.0,13.0,64,54,54,1.2951760292053223,2328,ok,0.08350480878201888,-0.05520439131078404,0.10110475635767993,1.2,120.0
0.0039069293484153235,19,0.004827435989480717,8.714254095675075e-05,0.01,20.600000381469727,104.4000015258789,12.0,64,56,56,1.0315098762512207,2487,ok,0.1320647718978893,-0.05916494212916424,0.14260386179055554,1.2,120.0
0.0047768429428049,17,0.005354653127749775,5.492502626527591e-05,0.01,30.399999618530273,104.4000015258789,13.5,64,52,52,1.1951172351837158,2533,ok,0.05518201552629392,-0.009091351973714317,0.06254266409897284,1.2,120.0
0.005288953629762842,17,0.006674300192826454,9.630375165141388e-05,0.01,22.600000381469727,104.5999984741211,11.0,64,56,56,0.8544349670410156,2613,ok,0.05685784194805462,-0.011532176548106962,0.06309866728822068,1.2,120.0
0.005010206368300028,17,0.0059549624420119135,6.280459951619467e-05,0.01,26.799999237060547,104.5999984741211,13.0,64,53,53,1.2907261848449707,2634,ok,0.1112816864316346,-0.11931316928802367,0.1253709805425164,1.2,120.0
0.004471174241123473,17,0.005502761700454664,4.029302896177773e-05,0.01,39.400001525878906,104.5999984741211,13.0,64,52,52,1.2326338291168213,2697,ok,0.08481889687921752,0.005262311194738895,0.07277861809827639,1.2,120.0
0.004601345991719665,17,0.006142041013123539,4.156320657677084e-05,0.01,41.599998474121094,104.80000305175781,10.0,64,54,54,0.9515631198883057,2813,ok,0.06015345671014593,-0.03850465879778162,0.06342765507248599,1.2,120.0
0.005368742505528823,24,0.007242099140113061,6.413236347932677e-05,0.01,42.20000076293945,104.80000305175781,9.0,64,53,53,1.1162400245666504,2816,ok,0.07586798135897621,0.01031538505018412,0.06523104730970261,1.2,120.0
0.0040583274460502085,17,0.004935490893314786,6.061058159223449e-05,0.01,22.200000762939453,105.0,12.0,64,52,52,1.0045721530914307,2835,ok,0.09732348034922253,0.006566177648909664,0.10353487785340158,1.2,120.0
0.006551284954801562,24,0.007553297849688029,6.800466876243751e-05,0.01,29.0,105.5999984741211,12.0,64,61,61,1.3399219512939453,3197,ok,0.060206323050760464,-0.02723983849806038,0.057332876698189796,1.2,120.0
0.005270221203168792,17,0.006363436498424966,5.86980107898644e-05,0.01,24.200000762939453,105.80000305175781,11.0,64,53,53,0.957165002822876,3291,ok,0.05034741270508069,0.0037204351397904507,0.0445020463457361,1.2,120.0
0.0032082511501666847,17,0.003733770749507289,5.752402729328429e-05,0.01,22.799999237060547,106.0,12.0,64,55,55,0.9636321067810059,3388,ok,0.062206536567113335,-0.03200225630478853,0.0821581644791572,1.2,120.0
0.0023444385336865207,17,0.0031320134904100337,2.885298972266448e-05,0.01,31.0,106.19999694824219,12.0,64,55,55,1.1321563720703125,3546,ok,0.08259713715074013,-0.0703671323957606,0.0990650915703997,1.2,120.0
0.004286372473104137,17,0.005026504869422924,4.459638709830274e-05,0.01,33.599998474121094,106.19999694824219,13.5,64,56,56,1.1441640853881836,3559,ok,0.0770393873582195,0.005214339523079783,0.07512750453399998,1.2,120.0
0.003556234904403416,17,0.004455553247589346,3.951222577355339e-05,0.01,34.599998474121094,106.5999984741211,12.0,64,58,58,1.041712760925293,3785,ok,0.06600525921100277,-0.020005015960631922,0.08761579505204223,1.2,120.0
0.005415876690306246,17,0.006643645728989868,6.361545858723808e-05,0.01,38.599998474121094,106.5999984741211,14.0,64,60,60,1.4329328536987305,3805,ok,0.13641583176607913,0.028291805385399448,0.1372568213216095,1.2,120.0
0.009416086640702556,24,0.012670876106432884,0.00016608509840149613,0.01,25.799999237060547,107.19999694824219,10.0,64,49,49,1.2423009872436523,4046,ok,0.0854065745883271,-0.012200387684711026,0.07819284751859905,1.2,120.0
0.005326441535993108,17,0.006772095536469303,5.110629746699812e-05,0.01,42.0,107.19999694824219,9.0,64,55,55,0.8140377998352051,4124,ok,0.09860350306868582,0.004474096697636344,0.08570546181949978,1.2,120.0
0.018294529383299046,24,0.02389742500598957,0.0006833968315066174,0.01,20.200000762939453,107.5999984741211,12.0,64,54,54,1.2167370319366455,4215,ok,0.1690796271769653,0.04352517236217247,0.15689401252853394,1.2,120.0
0.004790639885385213,24,0.006080644325271053,4.9060435707732515e-05,0.01,37.400001525878906,108.0,10.0,64,53,53,1.1586430072784424,4427,ok,0.06266077780177498,-0.043666245287897185,0.07362092243401439,1.2,120.0
0.0031173809091385157,17,0.004221505542792065,2.270653982394767e-05,0.01,35.599998474121094,108.19999694824219,9.0,64,49,49,0.9129190444946289,4472,ok,0.07327992669371795,-0.046151475786144196,0.08129647984041616,1.2,120.0
0.006270057030994761,17,0.007431301539920114,6.0753244706351054e-05,0.01,38.0,108.4000015258789,14.0,64,50,50,1.0992639064788818,4555,ok,0.09039050972293282,0.010564331897804695,0.08850173146089368,1.2,120.0
0.006461054600632628,17,0.009412007536107679,0.00010075099471680087,0.01,40.79999923706055,108.80000305175781,11.0,64,55,55,1.1763978004455566,4670,ok,0.08352544365361002,-0.08436631414836919,0.09379094815365585,1.2,120.0
0.0031551455989859757,20,0.004051770693008216,3.3737033600023404e-05,0.01,49.400001525878906,108.80000305175781,12.0,64,54,54,1.053340196609497,4695,ok,0.07914171203584662,-0.03542237165277522,0.09547142891123125,1.2,120.0
0.007840188766466546,24,0.010498024192226512,0.0001761425850859119,0.01,28.600000381469727,109.19999694824219,12.0,64,56,56,1.1021509170532227,4724,ok,0.13487143261569623,0.07658814868411327,0.13490643441784936,1.2,120.0
0.007351450772180856,24,0.008814706984420488,0.00010684766777287212,0.01,29.0,109.5999984741211,11.0,64,54,54,1.3230512142181396,4805,ok,0.08416630565677333,0.019980486077410493,0.07276259268767066,1.2,120.0
0.008263200154712325,24,0.00999079350829426,0.00010242659888741215,0.01,39.0,110.4000015258789,11.0,64,52,52,1.249380111694336,4989,ok,0.06934114023825713,0.03555103279287473,0.053947651253326796,1.2,120.0
0.006324614151783499,24,0.008166696646106357,0.00010611684204957008,0.01,42.599998474121094,110.80000305175781,11.0,64,50,50,1.1051619052886963,5077,ok,0.06955222721261535,0.0060579727025509905,0.08999715385769298,1.2,120.0
0.015020594908301377,24,0.018102921590065185,0.0004422299788682712,0.01,19.799999237060547,111.19999694824219,11.0,64,55,55,1.151526927947998,5097,ok,0.11731855324377348,0.0001381503669592639,0.1240275487490094,1.2,120.0
0.008383995627964491,24,0.0098621088304105,0.00015544727846227127,0.01,25.399999618530273,111.19999694824219,13.0,64,57,57,1.189720869064331,5111,ok,0.09442099778608037,0.010983398085831445,0.10012267923482905,1.2,120.0
0.005514809003897688,24,0.007203230361536666,7.510333378039295e-05,0.01,34.20000076293945,111.5999984741211,9.5,64,50,50,0.9637541770935059,5212,ok,0.10645925822542915,0.030453084503558957,0.10771183433910736,1.2,120.0
0.00866282485623641,24,0.010218251083926799,0.00012059775339488613,0.01,31.0,113.19999694824219,12.0,64,57,57,1.153014898300171,5564,ok,0.06662380519930865,0.011359034521948986,0.07157723997285854,1.2,120.0
0.010777594270480398,24,0.012776609975186988,0.00017235134622702036,0.01,37.400001525878906,113.19999694824219,9.0,64,53,53,1.049424171447754,5580,ok,0.06402830386855322,-0.004889712532098983,0.05166241572681539,1.2,120.0
0.006302383196503854,24,0.007310039862026516,9.52111559159987e-05,0.01,43.79999923706055,113.19999694824219,11.0,64,52,52,1.0990278720855713,5604,ok,0.07228576233451425,-0.004542327776910252,0.08245919975454863,1.2,120.0
0.006996157151739939,24,0.008601048147173522,0.00013897337490260261,0.01,29.399999618530273,114.0,11.0,64,59,59,1.027113914489746,5762,ok,0.1011688493169542,0.02817988139647773,0.10221177663867603,1.2,120.0
0.005530374796694774,17,0.006775118916735536,6.1023599199281476e-05,0.01,41.400001525878906,115.0,11.0,64,53,53,1.1135239601135254,6047,ok,0.12248378959046599,0.027250997163105008,0.10857673210119814,1.2,120.0
0.007145505805350005,17,0.009762532540103943,0.0001996568891474469,0.01,38.400001525878906,115.5999984741211,16.0,64,61,61,1.5905652046203613,6196,ok,0.13129032618191763,0.012014030799919377,0.13230491303995,1.2,120.0
0.011604281310515219,24,0.014242196099804956,0.0003125801346803219,0.01,28.200000762939453,117.5999984741211,13.0,64,51,51,1.257694959640503,6663,ok,0.08650880156206492,-0.029865964522914058,0.09159349494344576,1.2,120.0
0.006127859081291061,24,0.008961553535351715,0.00010614069673853003,0.01,34.599998474121094,117.5999984741211,11.0,64,51,51,1.19185209274292,6679,ok,0.07700377245206717,0.027571320043629326,0.07041216800702213,1.2,120.0
0.01142117593387502,24,0.0142035517758774,0.00023925744649238846,0.01,36.20000076293945,118.0,11.0,64,51,51,1.0115089416503906,6771,ok,0.11619510919276244,0.02708341027555571,0.09980049845807852,1.2,120.0
0.0074072690904092115,24,0.008643597318609024,9.069907362350057e-05,0.01,44.599998474121094,118.80000305175781,10.0,64,53,53,1.1319918632507324,6956,ok,0.057231896529276495,0.0034297730425455176,0.03953865552602196,1.2,120.0
0.011138512741812268,24,0.01321388294736073,0.00020964847230797715,0.01,32.20000076293945,120.4000015258789,11.0,64,57,57,1.1309008598327637,7220,ok,0.08216002388356636,-7.814118258972365e-05,0.07108462218343117,1.2,120.0
0.010367251199015241,22,0.012545024596525838,0.0002892702114330192,0.01,36.20000076293945,120.80000305175781,11.0,64,54,54,0.975182056427002,7308,ok,0.130148107000852,0.034373436313564334,0.1326909845227193,1.2,120.0
0.0023509017213560655,24,0.0028896658828176064,1.5466220506897925e-05,0.01,22.600000381469727,121.19999694824219,10.0,64,52,52,1.0670747756958008,7350,ok,0.10516000494791852,-0.0877194621183381,0.1191459628219028,1.2,120.0
0.0031509845431701546,20,0.0037188376682378197,4.896344481694345e-05,0.01,51.400001525878906,121.19999694824219,11.0,64,54,54,0.8887391090393066,7422,ok,0.08288595678425106,0.024518012651482478,0.07680083057915306,1.2,120.0
0.010210183137253673,24,0.012643791093637962,0.00018867456492984312,0.01,31.0,121.5999984741211,11.0,64,51,51,0.9914031028747559,7447,ok,0.09471340206677928,0.03611904877328214,0.08295523486393579,1.2,120.0
0.009544710457323021,21,0.011294872019112103,0.00022796138125972246,0.01,33.79999923706055,121.5999984741211,13.0,64,55,55,1.2957000732421875,7454,ok,0.11096183482049696,-0.06805756583930267,0.12296444483092268,1.2,120.0
0.0036240131337243924,23,0.004887839468172627,4.676275327724952e-05,0.01,48.599998474121094,122.4000015258789,12.0,64,59,59,1.0551929473876953,7640,ok,0.06301838690237689,0.013483754945955443,0.05802356608696585,1.2,120.0
0.016911327344925668,21,0.022793898611650498,0.0007693990676047899,0.01,35.400001525878906,122.80000305175781,14.0,64,56,56,1.261497974395752,7681,ok,0.07938655163563173,-0.031465621388122894,0.09009230778000993,1.2,120.0
0.009196190360554683,18,0.010845246610248814,0.00027361703709706086,0.01,30.200000762939453,123.5999984741211,12.0,64,56,56,0.8106729984283447,7794,ok,0.14692908767748045,-0.01871361647441213,0.1579792628059473,1.2,120.0
0.008833445016723392,21,0.011556799570984112,0.00021232637909715575,0.01,32.599998474121094,124.0,14.0,64,55,55,1.0902392864227295,7861,ok,0.14042569082248607,-0.01745975610706176,0.13475884378721162,1.2,120.0
0.01342460679658542,21,0.018787554754957376,0.0004132617291903718,0.01,36.599998474121094,124.0,13.0,64,51,51,1.177297830581665,7871,ok,0.14237748006333417,-0.05139116063587157,0.14377198313717482,1.2,120.0
0.010559393938971606,20,0.014408093725020497,0.00026350047813361154,0.01,35.0,125.5999984741211,11.0,64,54,54,0.9735898971557617,8105,ok,0.1111486197466028,-0.001565620113180802,0.10908354603093802,1.2,120.0
0.007147736358386059,20,0.010154539850178479,0.0001903499805991303,0.01,38.20000076293945,126.4000015258789,13.0,64,53,53,1.054408311843872,8228,ok,0.08967842376002803,-0.007801839051546476,0.09298709437909362,1.2,120.0
0.007526117404717529,17,0.008678800485115195,0.00012828799599330344,0.01,31.399999618530273,126.80000305175781,11.0,64,54,54,0.7892711162567139,8270,ok,0.10583501091393104,-0.039087513217114206,0.11437905837740972,1.2,120.0
0.010889661278174109,24,0.012365713361240913,0.0001993179372333958,0.01,46.599998474121094,126.80000305175781,13.0,64,54,54,1.2566051483154297,8308,ok,0.1200519214848212,0.053894688822298045,0.10862453910745837,1.2,120.0
0.0054304914034198236,20,0.00785792666814754,0.0001326187670367659,0.01,49.0,126.80000305175781,12.0,64,51,51,0.9169690608978271,8314,ok,0.0950338712970664,-0.025752130377656973,0.105018261744052,1.2,120.0
0.005143119498246264,21,0.0059205307648864496,6.596689029979806e-05,0.01,41.400001525878906,128.0,12.0,64,53,53,1.0497090816497803,8467,ok,0.10276857420621979,-0.09216062564456172,0.10855238672531073,1.2,120.0
0.008640982827236096,24,0.01071016974778639,0.00018216250349428468,0.01,43.79999923706055,128.39999389648438,11.0,64,55,55,1.145014762878418,8523,ok,0.06807372807828327,-0.016633573572230016,0.06853441768011237,1.2,120.0
0.007299422028855418,24,0.008559985871488384,0.00011796927289513967,0.01,43.400001525878906,128.8000030517578,11.0,64,53,53,1.0364079475402832,8568,ok,0.10606512810173067,0.03289926151662568,0.10078549527823955,1.2,120.0
0.0039413682375691395,21,0.004739944861664812,8.744160864947838e-05,0.01,48.599998474121094,129.1999969482422,11.0,64,53,53,0.9562530517578125,8624,ok,0.1398627188076864,0.032219815836867505,0.1282202178941008,1.2,120.0
0.003879196356838338,16,0.004451149509376854,3.4439252681707575e-05,0.01,32.20000076293945,130.0,11.0,64,57,57,0.6092720031738281,8665,ok,0.0996251301113144,-0.01661867810293268,0.10891166502294314,1.2,120.0
0.0031602259786221777,20,0.004122697152482417,5.466037182958143e-05,0.01,47.0,132.0,12.0,64,51,51,0.9467711448669434,8782,ok,0.07353428837666375,0.03256779582664045,0.06932868337466033,1.2,120.0
0.00884920631003989,21,0.011232113359202383,0.0001761763546510117,0.01,38.599998474121094,69.5999984741211,13.0,64,51,51,1.6154580116271973,8848,ok,0.12610030119111693,-0.061115659198067336,0.15130474220154122,1.2,120.0
0.007731281040843492,24,0.010234360739346018,0.0001583138440741007,0.01,42.599998474121094,76.0,13.0,64,53,53,1.7628650665283203,9065,ok,0.08930200823050206,-0.026393809891498594,0.09651745482696432,1.2,120.0
0.010117118996384103,24,0.014580777104698869,0.0002407554144133584,0.01,37.400001525878906,77.19999694824219,11.0,64,50,50,1.3804218769073486,9116,ok,0.08521506521505232,-0.019145791610300385,0.09821726093890346,1.2,120.0
0.013054600747463433,24,0.01663372369026091,0.0002960756879612285,0.01,37.79999923706055,78.80000305175781,12.0,64,52,52,1.6973493099212646,9220,ok,0.08422729021369585,-0.07252254011740489,0.09585049355358805,1.2,120.0
0.012428198575052193,24,0.016011552447672422,0.0002819117510916473,0.01,37.79999923706055,80.0,12.0,64,57,57,1.7494893074035645,9314,ok,0.07407384310997507,-0.023156651823119965,0.07992501008682015,1.2,120.0
0.026570868506357925,24,0.035934219233737026,0.0014152482536674302,0.01,32.599998474121094,80.4000015258789,14.0,64,55,55,1.8568708896636963,9335,ok,0.14675589696328378,-0.0751773226313997,0.14156115177592307,1.2,120.0
0.01268916710376585,24,0.01552432745139325,0.0003614951216003609,0.01,36.20000076293945,82.0,16.0,64,51,51,1.9959259033203125,9495,ok,0.11236378060223436,-0.10970459118901449,0.12139884255734713,1.2,120.0
0.008586469336022116,23,0.00995926946338945,0.00015347094760361863,0.01,41.400001525878906,82.4000015258789,13.0,64,59,59,1.478592872619629,9549,ok,0.06742409568187943,-0.019669100129653942,0.07533535116995647,1.2,120.0
0.006720668558500716,23,0.00846640187921906,0.00010875866562221843,0.01,39.400001525878906,82.80000305175781,14.0,64,58,58,1.9239940643310547,9586,ok,0.09459980310979774,-0.0012674412076367151,0.09436210508418556,1.2,120.0
0.006687867014930018,23,0.008490180526359812,9.234400695423926e-05,0.01,41.400001525878906,82.80000305175781,13.0,64,56,56,1.6752550601959229,9591,ok,0.05171014757893368,-0.05061177814122714,0.05748097521358533,1.2,120.0
0.007769682135697648,23,0.010358963804257356,0.00013941500147201857,0.01,40.599998474121094,83.5999984741211,15.0,64,55,55,1.9472639560699463,9680,ok,0.07109404137358298,-0.039293278718079895,0.08465557299952928,1.2,120.0
0.013375203653648778,23,0.015732301197882066,0.00029669154270721475,0.01,39.0,84.80000305175781,15.0,64,64,64,2.277285099029541,9827,ok,0.1017135007146251,-0.04829186010536774,0.10472067265520588,1.2,120.0
0.016782391848444267,24,0.023969393204773475,0.0010471414962773412,0.01,30.600000381469727,85.19999694824219,13.0,64,53,53,1.885988712310791,9858,ok,0.17881258460346064,-0.10044965461374629,0.21466527594792728,1.2,120.0
0.01807110062023276,24,0.021462200980858853,0.0007173788401669454,0.01,34.599998474121094,85.19999694824219,15.0,64,57,57,2.1607630252838135,9868,ok,0.1414495431442901,-0.0920163991546382,0.16679851071192126,1.2,120.0
0.007160455938406714,24,0.008638705703330071,9.756317087834189e-05,0.01,41.79999923706055,85.5999984741211,10.5,64,52,52,1.532104253768921,9938,ok,0.06929410042021052,-0.06559179483142266,0.07646806681898789,1.2,120.0
0.019217314334408486,24,0.02216547603587688,0.0005743703958457273,0.01,47.0,85.5999984741211,12.0,64,53,53,1.4043877124786377,9951,ok,0.10649951211267562,0.04797051801313379,0.10874721876705021,1.2,120.0
0.010994444792812438,24,0.014677411416300006,0.00024351542260991232,0.01,47.400001525878906,85.5999984741211,11.0,64,53,53,1.3445448875427246,9952,ok,0.06540471594703542,-0.005042158683296504,0.07194314881762878,1.2,120.0
0.01597298091671757,23,0.022082328648506226,0.0005636664629798622,0.01,39.79999923706055,86.0,16.0,64,63,63,1.9204442501068115,9986,ok,0.06342256801524954,-0.06291002303279886,0.07540587124604314,1.2,120.0
0.014991355176035615,24,0.017213740488659084,0.00039887489175874716,0.01,31.399999618530273,86.80000305175781,17.0,64,54,54,2.370142936706543,10074,ok,0.0710168700137673,-0.001836307441518853,0.08725018563575733,1.2,120.0
0.0167685885540317,24,0.020970633132921503,0.0006069448572614364,0.01,35.79999923706055,87.19999694824219,15.0,64,55,55,2.148993968963623,10141,ok,0.11400600887713426,-0.07709845188627318,0.13815971929093296,1.2,120.0
0.0015177255643737614,23,0.0018326209983192832,6.641965544038892e-06,0.01,50.599998474121094,88.4000015258789,10.0,64,49,49,1.0289087295532227,10356,ok,0.04989797725830881,-0.05568828621265464,0.07039141922467544,1.2,120.0
0.028762666276438198,24,0.03892287268384872,0.001954709608417858,0.01,32.20000076293945,90.0,15.5,64,58,58,2.3174240589141846,10553,ok,0.19937818608464433,-0.07574105335875185,0.23948615799283682,1.2,120.0
0.008764367751091406,24,0.01134679565525433,0.00018587188875593592,0.01,38.20000076293945,90.0,14.0,64,54,54,2.0278778076171875,10568,ok,0.10480505252766456,-0.09212896549259832,0.12133929360078718,1.2,120.0
0.01204497847672692,24,0.014393181252772846,0.00024740939416368577,0.01,27.799999237060547,91.19999694824219,13.0,64,53,53,1.681368112564087,10726,ok,0.07120013891313082,-0.006831758539004235,0.07588865990599326,1.2,120.0
0.011868631169750787,24,0.014251163628030063,0.00021145713577863223,0.01,39.400001525878906,91.19999694824219,10.0,64,54,54,1.4138257503509521,10755,ok,0.0467689982597369,-0.04224871375684681,0.05312452037815524,1.2,120.0
0.008080327832081069,24,0.010550552847233573,0.00015238598700553603,0.01,41.79999923706055,91.19999694824219,12.0,64,51,51,1.1206791400909424,10761,ok,0.10420968632170667,0.08313448430347326,0.10201982736086186,1.2,120.0
0.00808168484089287,24,0.009182479434630197,0.00013230236921281705,0.01,42.20000076293945,91.5999984741211,10.0,64,60,60,1.0364220142364502,10823,ok,0.1392915624933309,0.10942509448548868,0.13369659064891448,1.2,120.0
0.007621520502179365,24,0.009838590950002543,0.00014180218048620918,0.01,45.400001525878906,92.4000015258789,13.0,64,59,59,1.383127212524414,10955,ok,0.11979699822752012,0.05149384610370526,0.11894020997705289,1.2,120.0
0.01898667310475699,24,0.023428041645131896,0.0006826714476368365,0.01,35.79999923706055,92.80000305175781,14.0,64,56,56,1.9315860271453857,10994,ok,0.12170227098251543,-0.07492447720963155,0.12872665753472165,1.2,120.0
0.010471200700843194,24,0.013050906961703619,0.00018525824616311452,0.01,28.200000762939453,93.5999984741211,11.0,64,52,52,1.6113808155059814,11107,ok,0.07437317522058014,0.0033207974559716813,0.07760776722568734,1.2,120.0
0.003350735085769293,24,0.004444710544843781,5.4412636110062214e-05,0.01,48.20000076293945,93.5999984741211,12.0,64,55,55,1.6787219047546387,11157,ok,0.08839628022825081,-0.06539600708112044,0.09692138104826278,1.2,120.0
0.005597560840850817,24,0.006480818426112795,7.10352261242556e-05,0.01,47.0,94.4000015258789,11.0,64,56,56,1.477743148803711,11290,ok,0.05880483354467892,-0.021124744548326007,0.06826950717285091,1.2,120.0
0.00847687246188894,24,0.010504226874072148,0.0003296486125076555,0.01,31.399999618530273,95.5999984741211,13.5,64,50,50,1.9163470268249512,11459,ok,0.15913517024583357,-0.0773047698711011,0.17352737492029482,1.2,120.0
0.009566199001342979,24,0.012948967640812468,0.00022296876407470692,0.01,37.0,96.0,13.0,64,59,59,1.9898860454559326,11544,ok,0.0694618421754237,-0.06613030136953081,0.07903694623363952,1.2,120.0
0.008955903150813386,24,0.011669893744096289,0.000185462773125999,0.01,28.200000762939453,96.4000015258789,13.0,64,51,51,1.7956197261810303,11593,ok,0.10317724181199416,-0.014378689212184262,0.10510736716177171,1.2,120.0
0.005406384833538858,20,0.0063242748327673026,0.00011529432085969694,0.01,22.200000762939453,96.80000305175781,12.0,64,50,50,1.236802101135254,11649,ok,0.1313196504245015,-0.007051899816720183,0.13752279188153516,1.2,120.0
0.007619395594684791,17,0.0089260970956335,9.773227653648534e-05,0.01,41.20000076293945,97.4000015258789,12.0,64,59,59,1.3262228965759277,11809,ok,0.08962815687886314,-0.022988430454448393,0.10394912134332854,1.2,120.0
0.003586585464997317,17,0.00479276350574492,4.219112956608962e-05,0.01,23.600000381469727,98.80000305175781,13.0,64,53,53,1.470085859298706,12181,ok,0.07913427437247576,-0.07802134823784565,0.1000384060262136,1.2,120.0
0.00802669293302117,17,0.009631952350513243,0.00040145923228489125,0.01,29.600000381469727,99.80000305175781,16.0,64,55,55,1.8363127708435059,12657,ok,0.12910485341981254,-0.011632712927420592,0.1425586142399997,1.2,120.0
