abc_epsilon_rms_km_s,best_disp_rms_km_s,candidate_runtime_s,case_index,ess,ess_fraction,input_mode,mean_vs_p05_p95_width_km_s,mean_vs_p16_p84_width_km_s,median_vs_mae_km_s,median_vs_rmse_km_s,method,n_posterior_samples,n_prior_draws,posterior_family,posterior_predictive_valid_samples,prior,reference_prior,regime,runtime_s,sampling_steps,sigma_c_km_s,vs_median_absdiff_to_abc_km_s,vs_p05_p50_p95_absdiff_to_abc_km_s,vs_p05_p95_coverage,vs_p05_p95_width_ratio_to_abc,vs_p16_p84_coverage,weighting
0.1321248859167099,0.11136529594659805,119.07017874717712,0,128.0,0.03125,joint,0.5355093479156494,0.33299726247787476,0.14536052942276,0.17361606657505035,ABC-Strong,,4096,traditional_abc,,strong,strong,in-prior,,,0.1,,,0.90234375,,0.69921875,abc_top_128
0.34330499172210693,0.3385097086429596,103.73383092880249,0,128.0,0.03125,joint,1.4441787004470825,0.8872623443603516,0.1952449083328247,0.24699163436889648,ABC-Weak,,4096,traditional_abc,,weak,weak,in-prior,,,0.1,,,0.9921875,,0.9765625,abc_top_128
,,,0,,,joint,0.2462003380060196,0.15373563766479492,0.06485311686992645,0.07742318511009216,DI-Strong,64,,learned_flow,0,strong,strong,in-prior,2.897202968597412,24,,0.1232733502984047,0.14424645900726318,0.7890625,0.4639924168586731,0.5703125,
,,,0,,,joint,0.5875060558319092,0.35038578510284424,0.09422942250967026,0.15904057025909424,DI-Weak,64,,learned_flow,0,weak,weak,in-prior,1.7348339557647705,24,,0.11710362881422043,0.32648155093193054,0.9921875,0.40391045808792114,0.796875,
0.1474504917860031,0.10415676236152649,119.07017874717712,1,128.0,0.03125,joint,0.6302196979522705,0.4218391180038452,0.1621701866388321,0.20393943786621094,ABC-Strong,,4096,traditional_abc,,strong,strong,in-prior,,,0.1,,,0.9765625,,0.73046875,abc_top_128
0.213873028755188,0.2039211392402649,103.73383092880249,1,128.0,0.03125,joint,1.2132813930511475,0.7012647390365601,0.19951698184013367,0.23075748980045319,ABC-Weak,,4096,traditional_abc,,weak,weak,in-prior,,,0.1,,,1.0,,0.87109375,abc_top_128
,,,1,,,joint,0.26803380250930786,0.16634833812713623,0.08498391509056091,0.10792836546897888,DI-Strong,64,,learned_flow,0,strong,strong,in-prior,1.7761399745941162,24,,0.12776994705200195,0.16781437397003174,0.79296875,0.43256932497024536,0.55078125,
,,,1,,,joint,0.4602634906768799,0.28113943338394165,0.07994198054075241,0.11931341141462326,DI-Weak,64,,learned_flow,0,weak,weak,in-prior,1.7596218585968018,24,,0.14674407243728638,0.3009253442287445,0.984375,0.37990444898605347,0.79296875,
0.5337986946105957,0.27276307344436646,119.07017874717712,0,128.0,0.03125,joint,0.8528505563735962,0.5320579409599304,0.3270752429962158,0.37994828820228577,ABC-Strong,,4096,traditional_abc,,strong,strong,boundary,,,0.1,,,0.55078125,,0.41796875,abc_top_128
0.2803627848625183,0.2322278916835785,103.73383092880249,0,128.0,0.03125,joint,1.2480113506317139,0.8721436262130737,0.304659366607666,0.3565427362918854,ABC-Weak,,4096,traditional_abc,,weak,weak,boundary,,,0.1,,,0.9765625,,0.80859375,abc_top_128
,,,0,,,joint,0.41295644640922546,0.2547972798347473,0.17326822876930237,0.22242975234985352,DI-Strong,64,,learned_flow,0,strong,strong,boundary,1.7123489379882812,24,,0.21922153234481812,0.28464463353157043,0.578125,0.4945715665817261,0.4609375,
,,,0,,,joint,0.5056779384613037,0.31966614723205566,0.10976216942071915,0.16721706092357635,DI-Weak,64,,learned_flow,0,weak,weak,boundary,1.6700682640075684,24,,0.2245408594608307,0.3253174126148224,0.9453125,0.41070064902305603,0.734375,
0.5835227966308594,0.45019030570983887,119.07017874717712,1,128.0,0.03125,joint,1.0028759241104126,0.6158839464187622,0.18420615792274475,0.2754449248313904,ABC-Strong,,4096,traditional_abc,,strong,strong,boundary,,,0.1,,,1.0,,0.77734375,abc_top_128
0.48159486055374146,0.29885953664779663,103.73383092880249,1,128.0,0.03125,joint,1.5325708389282227,1.046613335609436,0.21538563072681427,0.28642958402633667,ABC-Weak,,4096,traditional_abc,,weak,weak,boundary,,,0.1,,,0.96484375,,0.90625,abc_top_128
,,,1,,,joint,0.45257070660591125,0.29522573947906494,0.11899790167808533,0.17995503544807434,DI-Strong,64,,learned_flow,0,strong,strong,boundary,1.7433488368988037,24,,0.12202179431915283,0.23065970838069916,0.95703125,0.4544457197189331,0.6953125,
,,,1,,,joint,0.6072686910629272,0.3814998269081116,0.08624965697526932,0.1499035656452179,DI-Weak,64,,learned_flow,0,weak,weak,boundary,1.6631591320037842,24,,0.2215629518032074,0.39324334263801575,0.93359375,0.40900278091430664,0.890625,
2.1133108139038086,2.0492355823516846,119.07017874717712,0,128.0,0.03125,joint,1.0162873268127441,0.6250865459442139,1.0568275451660156,1.1770955324172974,ABC-Strong,,4096,traditional_abc,,strong,strong,out-of-prior,,,0.1,,,0.1875,,0.09765625,abc_top_128
1.4364861249923706,0.7649152278900146,103.73383092880249,0,128.0,0.03125,joint,1.3953592777252197,1.0043436288833618,0.6731531620025635,0.7474390864372253,ABC-Weak,,4096,traditional_abc,,weak,weak,out-of-prior,,,0.1,,,0.203125,,0.19921875,abc_top_128
,,,0,,,joint,0.8275563716888428,0.5358006954193115,1.057300329208374,1.1738004684448242,DI-Strong,64,,learned_flow,0,strong,strong,out-of-prior,1.8084897994995117,24,,0.1244659349322319,0.1380012184381485,0.1875,0.8377167582511902,0.1484375,
,,,0,,,joint,1.0063714981079102,0.6699934005737305,0.8087292909622192,0.9055654406547546,DI-Weak,64,,learned_flow,0,weak,weak,out-of-prior,1.6524608135223389,24,,0.2609485983848572,0.24174393713474274,0.1953125,0.7152972221374512,0.14453125,
0.5154960751533508,0.2530573010444641,119.07017874717712,1,128.0,0.03125,joint,0.8467882871627808,0.534875750541687,0.3619716167449951,0.38965338468551636,ABC-Strong,,4096,traditional_abc,,strong,strong,out-of-prior,,,0.1,,,0.50390625,,0.22265625,abc_top_128
0.5050825476646423,0.41008350253105164,103.73383092880249,1,128.0,0.03125,joint,1.3604786396026611,0.9781486392021179,0.23706172406673431,0.2951986789703369,ABC-Weak,,4096,traditional_abc,,weak,weak,out-of-prior,,,0.1,,,0.96484375,,0.94140625,abc_top_128
,,,1,,,joint,0.380436509847641,0.22231429815292358,0.15201151371002197,0.17016440629959106,DI-Strong,64,,learned_flow,0,strong,strong,out-of-prior,1.7845478057861328,24,,0.2548602223396301,0.3014615774154663,0.6328125,0.46438127756118774,0.3359375,
,,,1,,,joint,0.5240629315376282,0.3286174535751343,0.08296137303113937,0.10364986211061478,DI-Weak,64,,learned_flow,0,weak,weak,out-of-prior,1.6775250434875488,24,,0.28191274404525757,0.38882753252983093,0.98828125,0.3943934142589569,0.8203125,
