site_index,method,vs_mae_km_s,vs_mae_0_40km_km_s,vs_mae_40_120km_km_s,phase_forward_rms_km_s,group_forward_rms_km_s,input_protocol
2,DispFormer phase-only,0.10758262127637863,0.18707361817359924,0.06734030693769455,0.0377589650452137,0.043579135090112686,phase only
7,DispFormer phase-only,0.11591235548257828,0.15757356584072113,0.09482137113809586,0.0397750549018383,0.09007696807384491,phase only
153,DispFormer phase-only,0.17737038433551788,0.08007954061031342,0.22662386298179626,0.031862568110227585,0.07055339962244034,phase only
296,DispFormer phase-only,0.18342219293117523,0.16997863352298737,0.19022801518440247,0.053119219839572906,0.12925571203231812,phase only
331,DispFormer phase-only,0.12688681483268738,0.07593924552202225,0.15267902612686157,0.02670111320912838,0.09349527955055237,phase only
493,DispFormer phase-only,0.12605519592761993,0.09164077788591385,0.14347748458385468,0.03601957857608795,0.12014316767454147,phase only
658,DispFormer phase-only,0.0946430191397667,0.1206534132361412,0.08147524297237396,0.03644172474741936,0.11854314804077148,phase only
786,DispFormer phase-only,0.1493176966905594,0.16467837989330292,0.14154131710529327,0.04568449780344963,0.06321730464696884,phase only
992,DispFormer phase-only,0.11133447289466858,0.12850825488567352,0.10264024883508682,0.035785287618637085,0.09570766240358353,phase only
1009,DispFormer phase-only,0.07084854692220688,0.16339999437332153,0.023994365707039833,0.04436027258634567,0.0994485542178154,phase only
1040,DispFormer phase-only,0.12380875647068024,0.1491064876317978,0.11100178956985474,0.03701748698949814,0.08087119460105896,phase only
1087,DispFormer phase-only,0.12874731421470642,0.09943335503339767,0.14358749985694885,0.028277693316340446,0.06774871051311493,phase only
1148,DispFormer phase-only,0.18411396443843842,0.18127526342868805,0.1855510175228119,0.047894250601530075,0.09649296849966049,phase only
1209,DispFormer phase-only,0.10179015249013901,0.09929533302783966,0.10305315256118774,0.05271304026246071,0.15425634384155273,phase only
1254,DispFormer phase-only,0.07383266091346741,0.11689823865890503,0.05203070491552353,0.06235270947217941,0.11546531319618225,phase only
1319,DispFormer phase-only,0.15384069085121155,0.19829891622066498,0.13133372366428375,0.044003378599882126,0.11612579971551895,phase only
1337,DispFormer phase-only,0.08614840358495712,0.11056488007307053,0.07378755509853363,0.045101597905159,0.07620055228471756,phase only
1429,DispFormer phase-only,0.1318816989660263,0.15546560287475586,0.11994235217571259,0.046635035425424576,0.05676047131419182,phase only
1439,DispFormer phase-only,0.14861960709095,0.17221052944660187,0.13667669892311096,0.024828167632222176,0.04705236479640007,phase only
1749,DispFormer phase-only,0.0640738308429718,0.13318681716918945,0.02908538654446602,0.04769141599535942,0.11796616017818451,phase only
2011,DispFormer phase-only,0.07174992561340332,0.12133602052927017,0.046646974980831146,0.03312093764543533,0.06216108053922653,phase only
2036,DispFormer phase-only,0.09013203531503677,0.1342683732509613,0.0677880123257637,0.06154581159353256,0.108830027282238,phase only
2044,DispFormer phase-only,0.08751111477613449,0.1323956400156021,0.0647883266210556,0.04212747514247894,0.07556623220443726,phase only
2074,DispFormer phase-only,0.10578741133213043,0.1312122642993927,0.0929160863161087,0.03090505860745907,0.1479821354150772,phase only
2076,DispFormer phase-only,0.09945016354322433,0.14691703021526337,0.0754200741648674,0.034645188599824905,0.06760717928409576,phase only
2140,DispFormer phase-only,0.11949243396520615,0.14419393241405487,0.10698729753494263,0.048760052770376205,0.08022146672010422,phase only
2328,DispFormer phase-only,0.058505941182374954,0.08638617396354675,0.04439157247543335,0.031187091022729874,0.08068160712718964,phase only
2487,DispFormer phase-only,0.08201847970485687,0.12614691257476807,0.05967845767736435,0.06213291734457016,0.10769788920879364,phase only
2533,DispFormer phase-only,0.1543533205986023,0.24476103484630585,0.10858441889286041,0.06320563703775406,0.17078016698360443,phase only
2613,DispFormer phase-only,0.07514673471450806,0.09430062025785446,0.06545008718967438,0.06762721389532089,0.09662776440382004,phase only
2634,DispFormer phase-only,0.14658884704113007,0.10710783302783966,0.16657611727714539,0.030030490830540657,0.10183031111955643,phase only
2697,DispFormer phase-only,0.07757096737623215,0.16514557600021362,0.033236313611269,0.034913402050733566,0.12250139564275742,phase only
2813,DispFormer phase-only,0.066937156021595,0.11983919888734818,0.040155503898859024,0.04423872008919716,0.09531998634338379,phase only
2816,DispFormer phase-only,0.11473481357097626,0.16870689392089844,0.08741144835948944,0.03488212078809738,0.07800425589084625,phase only
2835,DispFormer phase-only,0.10443543642759323,0.10686208307743073,0.10320694744586945,0.07077579200267792,0.11517275869846344,phase only
3197,DispFormer phase-only,0.10138999670743942,0.17624352872371674,0.06349538266658783,0.037696510553359985,0.1308802366256714,phase only
3291,DispFormer phase-only,0.0753176212310791,0.13009226322174072,0.04758796468377113,0.055840689688920975,0.1147245541214943,phase only
3388,DispFormer phase-only,0.09029822051525116,0.15696217119693756,0.05654959753155708,0.06000789627432823,0.07737059891223907,phase only
3546,DispFormer phase-only,0.1561497449874878,0.22312211990356445,0.12224496901035309,0.04280383512377739,0.1369781494140625,phase only
3559,DispFormer phase-only,0.0524178184568882,0.07903008162975311,0.038945361971855164,0.04126957058906555,0.09583554416894913,phase only
3785,DispFormer phase-only,0.05920859053730965,0.10416402667760849,0.03644989803433418,0.04118562862277031,0.06670232117176056,phase only
3805,DispFormer phase-only,0.10011564195156097,0.21877853572368622,0.04004255309700966,0.04568232595920563,0.16312551498413086,phase only
4046,DispFormer phase-only,0.11423823237419128,0.16066598892211914,0.09073418378829956,0.02760334499180317,0.10187940299510956,phase only
4124,DispFormer phase-only,0.08885685354471207,0.16994643211364746,0.04780525341629982,0.0635184720158577,0.1466168910264969,phase only
4215,DispFormer phase-only,0.101600281894207,0.1415766477584839,0.08136226236820221,0.08064036816358566,0.18601496517658234,phase only
4427,DispFormer phase-only,0.14530858397483826,0.2807970643043518,0.07671752572059631,0.03378542512655258,0.12461202591657639,phase only
4472,DispFormer phase-only,0.14794377982616425,0.20574155449867249,0.11868363618850708,0.058479029685258865,0.16282323002815247,phase only
4555,DispFormer phase-only,0.13774552941322327,0.2650732100009918,0.07328587770462036,0.043451808393001556,0.16701164841651917,phase only
4670,DispFormer phase-only,0.08646608144044876,0.15779338777065277,0.05035663768649101,0.03148853778839111,0.09595660120248795,phase only
4695,DispFormer phase-only,0.10794288665056229,0.14823879301548004,0.08754308521747589,0.04519641399383545,0.07639512419700623,phase only
4724,DispFormer phase-only,0.1259363889694214,0.14324411749839783,0.11717434227466583,0.04568406194448471,0.08387714624404907,phase only
4805,DispFormer phase-only,0.10190588235855103,0.1450212001800537,0.08007875829935074,0.03431086614727974,0.0794372633099556,phase only
4989,DispFormer phase-only,0.11769784986972809,0.189386785030365,0.08140531182289124,0.03805968165397644,0.08167151361703873,phase only
5077,DispFormer phase-only,0.1159931868314743,0.1332821249961853,0.10724065452814102,0.03733806312084198,0.06401799619197845,phase only
5097,DispFormer phase-only,0.07374968379735947,0.17020076513290405,0.024921324104070663,0.08141034841537476,0.20566274225711823,phase only
5111,DispFormer phase-only,0.07835844159126282,0.11940951645374298,0.05757632851600647,0.04893233999609947,0.09394385665655136,phase only
5212,DispFormer phase-only,0.10815872997045517,0.09399617463350296,0.11532852798700333,0.05178052559494972,0.10472014546394348,phase only
5564,DispFormer phase-only,0.08999365568161011,0.15673094987869263,0.05620790272951126,0.037313081324100494,0.09628744423389435,phase only
5580,DispFormer phase-only,0.10712829232215881,0.12600448727607727,0.0975722149014473,0.0317344143986702,0.105473093688488,phase only
5604,DispFormer phase-only,0.09773050248622894,0.12870678305625916,0.08204876631498337,0.04201638326048851,0.04931054264307022,phase only
5762,DispFormer phase-only,0.08614667505025864,0.10540574789047241,0.07639677822589874,0.058679159730672836,0.09580953419208527,phase only
6047,DispFormer phase-only,0.08887646347284317,0.10205483436584473,0.0822049230337143,0.042815182358026505,0.10741163045167923,phase only
6196,DispFormer phase-only,0.15217776596546173,0.24388927221298218,0.10574879497289658,0.07529386132955551,0.16002827882766724,phase only
6663,DispFormer phase-only,0.06558931618928909,0.1096283495426178,0.04329456388950348,0.055713169276714325,0.08407703042030334,phase only
6679,DispFormer phase-only,0.1448829025030136,0.19840045273303986,0.11778964847326279,0.03971177339553833,0.07850383222103119,phase only
6771,DispFormer phase-only,0.1487499624490738,0.16866347193717957,0.1386687457561493,0.07371943444013596,0.10767050832509995,phase only
6956,DispFormer phase-only,0.11482004076242447,0.12202794849872589,0.11117102950811386,0.02677011303603649,0.05431155115365982,phase only
7220,DispFormer phase-only,0.1147516518831253,0.16250678896903992,0.09057560563087463,0.05536628141999245,0.1095319390296936,phase only
7308,DispFormer phase-only,0.1015772819519043,0.11924368143081665,0.09263366460800171,0.06896508485078812,0.10422723740339279,phase only
7350,DispFormer phase-only,0.0947132334113121,0.17366421222686768,0.05474430322647095,0.03688694164156914,0.041502945125103,phase only
7422,DispFormer phase-only,0.10665273666381836,0.1320880800485611,0.09377609193325043,0.051966797560453415,0.09072280675172806,phase only
7447,DispFormer phase-only,0.09660147875547409,0.14732152223587036,0.07092446088790894,0.07079341262578964,0.11500857025384903,phase only
7454,DispFormer phase-only,0.06160893663764,0.14272700250148773,0.020542915910482407,0.06594554334878922,0.18898211419582367,phase only
7640,DispFormer phase-only,0.08787462115287781,0.1151375025510788,0.07407278567552567,0.05027662590146065,0.07947094738483429,phase only
7681,DispFormer phase-only,0.08050122112035751,0.13151733577251434,0.054674308747053146,0.06263827532529831,0.18423782289028168,phase only
7794,DispFormer phase-only,0.13898007571697235,0.2983992397785187,0.05827414244413376,0.0869164764881134,0.22926877439022064,phase only
7861,DispFormer phase-only,0.10367026925086975,0.1185925081372261,0.09611587226390839,0.07403542101383209,0.2038700431585312,phase only
7871,DispFormer phase-only,0.07976821064949036,0.11923789978027344,0.05978667736053467,0.06661005318164825,0.1332043558359146,phase only
8105,DispFormer phase-only,0.07871627062559128,0.1416313797235489,0.04686548933386803,0.07747998088598251,0.10718967020511627,phase only
8228,DispFormer phase-only,0.06413432210683823,0.1086735650897026,0.041586339473724365,0.06370782852172852,0.08023128658533096,phase only
8270,DispFormer phase-only,0.1203976720571518,0.2630109488964081,0.04819970950484276,0.07537055015563965,0.1460905522108078,phase only
8308,DispFormer phase-only,0.17876563966274261,0.2228880226612091,0.15642865002155304,0.055230170488357544,0.09822230041027069,phase only
8314,DispFormer phase-only,0.05938507989048958,0.09688550978899002,0.040400486439466476,0.07485052943229675,0.09003501385450363,phase only
8467,DispFormer phase-only,0.070246122777462,0.12621203064918518,0.04191338270902634,0.06592971086502075,0.08031570911407471,phase only
8523,DispFormer phase-only,0.09647160768508911,0.11981537938117981,0.0846538096666336,0.05541889742016792,0.07013966143131256,phase only
8568,DispFormer phase-only,0.15616421401500702,0.12949272990226746,0.16966667771339417,0.0671655461192131,0.11423997581005096,phase only
8624,DispFormer phase-only,0.07768122106790543,0.1161467432975769,0.05820804834365845,0.07723735272884369,0.08695531636476517,phase only
8665,DispFormer phase-only,0.12013138830661774,0.1963656097650528,0.08153779804706573,0.026539037004113197,0.15286073088645935,phase only
8782,DispFormer phase-only,0.13496249914169312,0.14915911853313446,0.12777547538280487,0.05893808975815773,0.10432442277669907,phase only
8848,DispFormer phase-only,0.0668543353676796,0.12665560841560364,0.03657994419336319,0.024927383288741112,0.07626032829284668,phase only
9065,DispFormer phase-only,0.12473084777593613,0.10906089097261429,0.1326637715101242,0.046839214861392975,0.058288782835006714,phase only
9116,DispFormer phase-only,0.12001432478427887,0.21495677530765533,0.07194969803094864,0.027932969853281975,0.07039355486631393,phase only
9220,DispFormer phase-only,0.13678215444087982,0.21301265060901642,0.09819046407938004,0.031130561605095863,0.06917344778776169,phase only
9314,DispFormer phase-only,0.1576698273420334,0.20910373330116272,0.13163140416145325,0.03088195249438286,0.07115461677312851,phase only
9335,DispFormer phase-only,0.12423336505889893,0.19096629321575165,0.09044982492923737,0.04362548887729645,0.08055657893419266,phase only
9495,DispFormer phase-only,0.10318972170352936,0.10451281815767288,0.1025199145078659,0.039692554622888565,0.07642640173435211,phase only
9549,DispFormer phase-only,0.11223841458559036,0.1727631390094757,0.08159776777029037,0.029001135379076004,0.0830049216747284,phase only
9586,DispFormer phase-only,0.150716632604599,0.21232548356056213,0.11952712386846542,0.029745815321803093,0.048560336232185364,phase only
9591,DispFormer phase-only,0.11722686886787415,0.18210217356681824,0.08438374847173691,0.02521931193768978,0.08090372383594513,phase only
9680,DispFormer phase-only,0.1322261393070221,0.25050777196884155,0.07234606891870499,0.025712698698043823,0.08058330416679382,phase only
9827,DispFormer phase-only,0.14091423153877258,0.1863144338130951,0.11793039739131927,0.046056605875492096,0.126030832529068,phase only
9858,DispFormer phase-only,0.1623612344264984,0.12208772450685501,0.18274971842765808,0.08371711522340775,0.04278237372636795,phase only
9868,DispFormer phase-only,0.2005062848329544,0.15272435545921326,0.22469587624073029,0.07771146297454834,0.07107724994421005,phase only
9938,DispFormer phase-only,0.1116383820772171,0.17208276689052582,0.08103841543197632,0.0325448103249073,0.11915181577205658,phase only
9951,DispFormer phase-only,0.11771772801876068,0.12397948652505875,0.1145477145910263,0.0514383539557457,0.044480033218860626,phase only
9952,DispFormer phase-only,0.09758836030960083,0.13579995930194855,0.07824374735355377,0.03125138580799103,0.06707485765218735,phase only
9986,DispFormer phase-only,0.11322656273841858,0.16892364621162415,0.08502991497516632,0.03631624951958656,0.0731147900223732,phase only
10074,DispFormer phase-only,0.22684548795223236,0.16035734117031097,0.26050513982772827,0.061056774109601974,0.1192798912525177,phase only
10141,DispFormer phase-only,0.1760454624891281,0.15646615624427795,0.18595749139785767,0.06731174886226654,0.05255623906850815,phase only
10356,DispFormer phase-only,0.05438227578997612,0.1199633777141571,0.021181847900152206,0.038782719522714615,0.06770672649145126,phase only
10553,DispFormer phase-only,0.19136257469654083,0.18430081009864807,0.1949375867843628,0.06001373752951622,0.1607809215784073,phase only
10568,DispFormer phase-only,0.09554104506969452,0.11310335993766785,0.08665013313293457,0.02060418762266636,0.06553615629673004,phase only
10726,DispFormer phase-only,0.08835538476705551,0.09235873073339462,0.08632870018482208,0.03417057543992996,0.05202494561672211,phase only
10755,DispFormer phase-only,0.08947227150201797,0.1405419409275055,0.0636182427406311,0.03038085252046585,0.09396049380302429,phase only
10761,DispFormer phase-only,0.13903780281543732,0.20837430655956268,0.10393618047237396,0.05899079516530037,0.13970880210399628,phase only
10823,DispFormer phase-only,0.1143130511045456,0.19762594997882843,0.07213590294122696,0.06185505911707878,0.1357898861169815,phase only
10955,DispFormer phase-only,0.1218508705496788,0.12404029816389084,0.12074246257543564,0.06407365202903748,0.09874648600816727,phase only
10994,DispFormer phase-only,0.11890751868486404,0.060670606791973114,0.14838996529579163,0.04473263770341873,0.10608113557100296,phase only
11107,DispFormer phase-only,0.1258838027715683,0.08842237293720245,0.14484865963459015,0.023297006264328957,0.049034856259822845,phase only
11157,DispFormer phase-only,0.10937175154685974,0.12298640608787537,0.10247933864593506,0.06514134258031845,0.0638074278831482,phase only
11290,DispFormer phase-only,0.1354876458644867,0.13005341589450836,0.13823871314525604,0.06643960624933243,0.06071637198328972,phase only
11459,DispFormer phase-only,0.0887642353773117,0.110004723072052,0.07801124453544617,0.0313873253762722,0.08683884143829346,phase only
11544,DispFormer phase-only,0.08851046115159988,0.14402662217617035,0.06040539592504501,0.035514798015356064,0.1127091571688652,phase only
11593,DispFormer phase-only,0.07179238647222519,0.0651312917470932,0.0751645565032959,0.03274361416697502,0.05973800644278526,phase only
11649,DispFormer phase-only,0.10763277858495712,0.1643805056810379,0.07890424877405167,0.06033887714147568,0.12250643223524094,phase only
11809,DispFormer phase-only,0.05889390781521797,0.11434901505708694,0.030819768086075783,0.04323117062449455,0.0578579381108284,phase only
12181,DispFormer phase-only,0.08731906116008759,0.13146011531352997,0.0649726539850235,0.05051556974649429,0.07766245305538177,phase only
12657,DispFormer phase-only,0.1054813489317894,0.08503329008817673,0.11583316326141357,0.0382247120141983,0.059133224189281464,phase only
2,DispFormer phase+group,0.12395530939102173,0.15941908955574036,0.10600177943706512,0.04124491661787033,0.03657754883170128,phase + group
7,DispFormer phase+group,0.07126320153474808,0.12354453653097153,0.04479576274752617,0.03357010707259178,0.05634044110774994,phase + group
153,DispFormer phase+group,0.20544886589050293,0.08787866681814194,0.26496878266334534,0.0179485771805048,0.06414695084095001,phase + group
296,DispFormer phase+group,0.15286162495613098,0.17891152203083038,0.1396738737821579,0.05064576864242554,0.05864500254392624,phase + group
331,DispFormer phase+group,0.11370176821947098,0.09753745049238205,0.12188496440649033,0.04566315934062004,0.053679171949625015,phase + group
493,DispFormer phase+group,0.09117723256349564,0.08658694475889206,0.09350106865167618,0.01621881313621998,0.047419190406799316,phase + group
658,DispFormer phase+group,0.06320232897996902,0.09640340507030487,0.04639428108930588,0.02267669327557087,0.049834899604320526,phase + group
786,DispFormer phase+group,0.17452146112918854,0.1571483165025711,0.18331663310527802,0.038464564830064774,0.04884171485900879,phase + group
992,DispFormer phase+group,0.11203460395336151,0.11090909689664841,0.11260439455509186,0.03157751262187958,0.060588959604501724,phase + group
1009,DispFormer phase+group,0.12424714118242264,0.1734738051891327,0.09932614862918854,0.03251343593001366,0.038532983511686325,phase + group
1040,DispFormer phase+group,0.13892339169979095,0.16501161456108093,0.1257162243127823,0.020710380747914314,0.04980909079313278,phase + group
1087,DispFormer phase+group,0.1495518684387207,0.11217451840639114,0.16847415268421173,0.02720973826944828,0.04605412110686302,phase + group
1148,DispFormer phase+group,0.1717360019683838,0.1898289918899536,0.16257643699645996,0.04647287726402283,0.09260718524456024,phase + group
1209,DispFormer phase+group,0.09297700971364975,0.1302933692932129,0.07408559322357178,0.0325777642428875,0.09650083631277084,phase + group
1254,DispFormer phase+group,0.09011679887771606,0.13078688085079193,0.06952757388353348,0.019395945593714714,0.0459279827773571,phase + group
1319,DispFormer phase+group,0.17047107219696045,0.18430191278457642,0.16346918046474457,0.05832028388977051,0.0658440887928009,phase + group
1337,DispFormer phase+group,0.0874365046620369,0.08640576899051666,0.08795829862356186,0.033626534044742584,0.037048909813165665,phase + group
1429,DispFormer phase+group,0.13245873153209686,0.1422751247882843,0.12748917937278748,0.03349225968122482,0.049303360283374786,phase + group
1439,DispFormer phase+group,0.116561658680439,0.16164787113666534,0.09373676776885986,0.01920495182275772,0.03950485214591026,phase + group
1749,DispFormer phase+group,0.04808248579502106,0.0456291027367115,0.049324505031108856,0.03376896679401398,0.05678503215312958,phase + group
2011,DispFormer phase+group,0.06731938570737839,0.1122710257768631,0.04456262290477753,0.036618005484342575,0.040743112564086914,phase + group
2036,DispFormer phase+group,0.12604807317256927,0.14905869960784912,0.11439895629882812,0.018231315538287163,0.04617485776543617,phase + group
2044,DispFormer phase+group,0.10749804973602295,0.11831040680408478,0.10202427953481674,0.02330000326037407,0.047489069402217865,phase + group
2074,DispFormer phase+group,0.10625270754098892,0.08865121006965637,0.11516346782445908,0.017913149669766426,0.05826691538095474,phase + group
2076,DispFormer phase+group,0.10499627888202667,0.11217948794364929,0.1013597846031189,0.028318561613559723,0.03811578080058098,phase + group
2140,DispFormer phase+group,0.11130465567111969,0.12667854130268097,0.10352163016796112,0.032169587910175323,0.050193630158901215,phase + group
2328,DispFormer phase+group,0.06230751425027847,0.10216142237186432,0.04213147610425949,0.02818341739475727,0.041724927723407745,phase + group
2487,DispFormer phase+group,0.13880155980587006,0.14220549166202545,0.13707831501960754,0.02795138768851757,0.05311872065067291,phase + group
2533,DispFormer phase+group,0.10094879567623138,0.14019055664539337,0.08108264207839966,0.029444415122270584,0.06707508116960526,phase + group
2613,DispFormer phase+group,0.0754779800772667,0.08980873972177505,0.0682230219244957,0.0421585850417614,0.05503179505467415,phase + group
2634,DispFormer phase+group,0.1483815312385559,0.14717957377433777,0.14899000525474548,0.04189705848693848,0.035417791455984116,phase + group
2697,DispFormer phase+group,0.15588228404521942,0.1641751527786255,0.1516840159893036,0.02115764655172825,0.05403996258974075,phase + group
2813,DispFormer phase+group,0.06002851203083992,0.07935193926095963,0.05024602264165878,0.03060290962457657,0.05068495497107506,phase + group
2816,DispFormer phase+group,0.1069929227232933,0.14541232585906982,0.08754308521747589,0.016175664961338043,0.034042488783597946,phase + group
2835,DispFormer phase+group,0.08179216086864471,0.10964544117450714,0.06769143044948578,0.040230244398117065,0.06962453573942184,phase + group
3197,DispFormer phase+group,0.06955796480178833,0.06043277680873871,0.074177585542202,0.02296091616153717,0.06472596526145935,phase + group
3291,DispFormer phase+group,0.0942547544836998,0.11374379694461823,0.08438841998577118,0.02336878515779972,0.05829991027712822,phase + group
3388,DispFormer phase+group,0.09421653300523758,0.161509707570076,0.06014937162399292,0.04818595200777054,0.04873637482523918,phase + group
3546,DispFormer phase+group,0.12407666444778442,0.12987542152404785,0.12114105373620987,0.03387051075696945,0.07070917636156082,phase + group
3559,DispFormer phase+group,0.058358822017908096,0.08787123113870621,0.04341816157102585,0.024159638211131096,0.05339840427041054,phase + group
3785,DispFormer phase+group,0.08903446793556213,0.09900369495153427,0.0839875340461731,0.027020977810025215,0.054411839693784714,phase + group
3805,DispFormer phase+group,0.07551684230566025,0.12478138506412506,0.05057666450738907,0.03083629533648491,0.06888485699892044,phase + group
4046,DispFormer phase+group,0.11007700115442276,0.11488009989261627,0.1076454296708107,0.0405435636639595,0.05924049764871597,phase + group
4124,DispFormer phase+group,0.08770065754652023,0.13045534491539001,0.06605609506368637,0.02989012561738491,0.06517504155635834,phase + group
4215,DispFormer phase+group,0.06551042199134827,0.10391837358474731,0.046066395938396454,0.041753824800252914,0.0961107388138771,phase + group
4427,DispFormer phase+group,0.10071375221014023,0.19004420936107635,0.05549021437764168,0.026635250076651573,0.04574311524629593,phase + group
4472,DispFormer phase+group,0.12226807326078415,0.12248938530683517,0.12215602397918701,0.036403339356184006,0.08087189495563507,phase + group
4555,DispFormer phase+group,0.15813609957695007,0.23064851760864258,0.12142670154571533,0.01956186443567276,0.07313752919435501,phase + group
4670,DispFormer phase+group,0.10273772478103638,0.11940363794565201,0.09430061280727386,0.03128938376903534,0.037312742322683334,phase + group
4695,DispFormer phase+group,0.1570703089237213,0.1692606806755066,0.15089891850948334,0.03982071205973625,0.06062904745340347,phase + group
4724,DispFormer phase+group,0.12606343626976013,0.1374630182981491,0.12029238790273666,0.02481001242995262,0.06092873215675354,phase + group
4805,DispFormer phase+group,0.09939121454954147,0.13682210445404053,0.08044183254241943,0.018058501183986664,0.039588287472724915,phase + group
4989,DispFormer phase+group,0.14724798500537872,0.17515356838703156,0.13312079012393951,0.03507450222969055,0.05311733856797218,phase + group
5077,DispFormer phase+group,0.09604056924581528,0.1282331496477127,0.07974307239055634,0.02537137269973755,0.03710571303963661,phase + group
5097,DispFormer phase+group,0.07257020473480225,0.12221025675535202,0.04743993282318115,0.03450470417737961,0.12362054735422134,phase + group
5111,DispFormer phase+group,0.06326914578676224,0.13157539069652557,0.028689105063676834,0.02848350815474987,0.05795624479651451,phase + group
5212,DispFormer phase+group,0.10361199080944061,0.1120872050523758,0.0993214100599289,0.025147059932351112,0.06234658882021904,phase + group
5564,DispFormer phase+group,0.036664947867393494,0.07410138100385666,0.017712753266096115,0.01537779625505209,0.05446132272481918,phase + group
5580,DispFormer phase+group,0.07018360495567322,0.11896660923957825,0.04548722505569458,0.02904440276324749,0.05366517975926399,phase + group
5604,DispFormer phase+group,0.1106444001197815,0.12219665944576263,0.10479607433080673,0.04627465829253197,0.03577970713376999,phase + group
5762,DispFormer phase+group,0.0735592320561409,0.09730259329080582,0.06153916195034981,0.026017095893621445,0.05304419994354248,phase + group
6047,DispFormer phase+group,0.0855046957731247,0.10881515592336655,0.07370378077030182,0.018596641719341278,0.05751430243253708,phase + group
6196,DispFormer phase+group,0.09046245366334915,0.14159463346004486,0.06457678228616714,0.058395907282829285,0.06295376271009445,phase + group
6663,DispFormer phase+group,0.04874032735824585,0.08295026421546936,0.03142154961824417,0.043366577476263046,0.06016762554645538,phase + group
6679,DispFormer phase+group,0.10809789597988129,0.12702247500419617,0.09851733595132828,0.04104992747306824,0.048910483717918396,phase + group
6771,DispFormer phase+group,0.07621251046657562,0.11426379531621933,0.05694904178380966,0.03891490772366524,0.0610901303589344,phase + group
6956,DispFormer phase+group,0.08776001632213593,0.09515352547168732,0.08401705324649811,0.01992090791463852,0.04313940554857254,phase + group
7220,DispFormer phase+group,0.07032893598079681,0.09274882078170776,0.05897887796163559,0.04201619699597359,0.05411646142601967,phase + group
7308,DispFormer phase+group,0.09296612441539764,0.12973371148109436,0.07435252517461777,0.04090661182999611,0.05729246884584427,phase + group
7350,DispFormer phase+group,0.09794404357671738,0.15171772241592407,0.07072111964225769,0.04888135939836502,0.04468498006463051,phase + group
7422,DispFormer phase+group,0.10194122046232224,0.14047828316688538,0.08243183046579361,0.029567904770374298,0.050365861505270004,phase + group
7447,DispFormer phase+group,0.08638300001621246,0.12286707758903503,0.06791293621063232,0.03818027675151825,0.0879792720079422,phase + group
7454,DispFormer phase+group,0.04944055899977684,0.07431721687316895,0.03684675320982933,0.026235688477754593,0.08184169232845306,phase + group
7640,DispFormer phase+group,0.08818592876195908,0.11336361616849899,0.07543972134590149,0.03743357956409454,0.046773988753557205,phase + group
7681,DispFormer phase+group,0.06907718628644943,0.07440828531980515,0.06637831777334213,0.03800068795681,0.07790514826774597,phase + group
7794,DispFormer phase+group,0.08814110606908798,0.14928720891475677,0.05718588829040527,0.0571826733648777,0.15816283226013184,phase + group
7861,DispFormer phase+group,0.06511259824037552,0.11165395379066467,0.04155104234814644,0.03989449515938759,0.0997878760099411,phase + group
7871,DispFormer phase+group,0.11195940524339676,0.1175711378455162,0.10911846160888672,0.06026880443096161,0.06574170291423798,phase + group
8105,DispFormer phase+group,0.1340322345495224,0.13732323050498962,0.13236618041992188,0.04563451185822487,0.06425934284925461,phase + group
8228,DispFormer phase+group,0.07364896684885025,0.13896791636943817,0.040581248700618744,0.04186982288956642,0.0632839947938919,phase + group
8270,DispFormer phase+group,0.32965707778930664,0.22269581258296967,0.3838062286376953,0.0943761095404625,0.2766384482383728,phase + group
8308,DispFormer phase+group,0.14593477547168732,0.17159226536750793,0.1329456865787506,0.035604286938905716,0.04639343544840813,phase + group
8314,DispFormer phase+group,0.07521899789571762,0.1280173808336258,0.04848982021212578,0.05106096342206001,0.0635618269443512,phase + group
8467,DispFormer phase+group,0.13438890874385834,0.15133489668369293,0.12580999732017517,0.026727773249149323,0.04410203546285629,phase + group
8523,DispFormer phase+group,0.05831386148929596,0.11589273810386658,0.029164547100663185,0.03394933044910431,0.05358635634183884,phase + group
8568,DispFormer phase+group,0.10571137815713882,0.11556719243526459,0.10072187334299088,0.033360496163368225,0.07532016932964325,phase + group
8624,DispFormer phase+group,0.09339940547943115,0.12613002955913544,0.07682953029870987,0.03402193263173103,0.05181465670466423,phase + group
8665,DispFormer phase+group,0.11694912612438202,0.0861874669790268,0.13252219557762146,0.040192004293203354,0.0626828745007515,phase + group
8782,DispFormer phase+group,0.0976528599858284,0.1371137797832489,0.07767575979232788,0.02352120727300644,0.06053827330470085,phase + group
8848,DispFormer phase+group,0.24108433723449707,0.09584783762693405,0.3146103322505951,0.07272877544164658,0.15629461407661438,phase + group
9065,DispFormer phase+group,0.11970959603786469,0.07529506832361221,0.1421944499015808,0.04891791567206383,0.05592184513807297,phase + group
9116,DispFormer phase+group,0.09367066621780396,0.15551921725273132,0.062359847128391266,0.022598857060074806,0.03207506239414215,phase + group
9220,DispFormer phase+group,0.09494680911302567,0.12042350322008133,0.08204922080039978,0.019504200667142868,0.02960560843348503,phase + group
9314,DispFormer phase+group,0.11262481659650803,0.1319401115179062,0.10284644365310669,0.03443901985883713,0.050667569041252136,phase + group
9335,DispFormer phase+group,0.1492384970188141,0.15326455235481262,0.1472003161907196,0.05191774293780327,0.04365302994847298,phase + group
9495,DispFormer phase+group,0.133961021900177,0.09155092388391495,0.15543115139007568,0.037002429366111755,0.04543870687484741,phase + group
9549,DispFormer phase+group,0.06763207167387009,0.08951712399721146,0.056552767753601074,0.025140143930912018,0.03807778283953667,phase + group
9586,DispFormer phase+group,0.11375325173139572,0.14149147272109985,0.09971078485250473,0.02028682827949524,0.03168560937047005,phase + group
9591,DispFormer phase+group,0.07475472241640091,0.0843539908528328,0.06989509612321854,0.015545642003417015,0.03524595871567726,phase + group
9680,DispFormer phase+group,0.10866609960794449,0.1252717673778534,0.10025948286056519,0.03512059152126312,0.03294515982270241,phase + group
9827,DispFormer phase+group,0.08018064498901367,0.09402377158403397,0.07317256927490234,0.040411800146102905,0.060225941240787506,phase + group
9858,DispFormer phase+group,0.136639803647995,0.12421517074108124,0.14292976260185242,0.03609686344861984,0.021770110353827477,phase + group
9868,DispFormer phase+group,0.17399194836616516,0.15707853436470032,0.18255439400672913,0.06537803262472153,0.04362121969461441,phase + group
9938,DispFormer phase+group,0.08266250044107437,0.08879829943180084,0.07955624908208847,0.017694439738988876,0.06160106137394905,phase + group
9951,DispFormer phase+group,0.10411455482244492,0.13479001820087433,0.08858510106801987,0.03682991862297058,0.03779735788702965,phase + group
9952,DispFormer phase+group,0.13144809007644653,0.15202391147613525,0.12103158235549927,0.06077051907777786,0.034672144800424576,phase + group
9986,DispFormer phase+group,0.11809223890304565,0.11859774589538574,0.11783633381128311,0.036498937755823135,0.04336021840572357,phase + group
10074,DispFormer phase+group,0.10259771347045898,0.12822864949703217,0.08962205797433853,0.05546719208359718,0.04412752762436867,phase + group
10141,DispFormer phase+group,0.09684097766876221,0.14419765770435333,0.07286667823791504,0.03247751668095589,0.05407784506678581,phase + group
10356,DispFormer phase+group,0.1025942713022232,0.12430378049612045,0.0916038304567337,0.02325194887816906,0.041638124734163284,phase + group
10553,DispFormer phase+group,0.1298399120569229,0.10550211369991302,0.14216090738773346,0.055235326290130615,0.06341440975666046,phase + group
10568,DispFormer phase+group,0.048329778015613556,0.041242565959692,0.0519176721572876,0.020962553098797798,0.04237547516822815,phase + group
10726,DispFormer phase+group,0.1001262366771698,0.10455354303121567,0.09788490831851959,0.037243328988552094,0.050426363945007324,phase + group
10755,DispFormer phase+group,0.07374754548072815,0.061420612037181854,0.07998807728290558,0.02953549288213253,0.060155030339956284,phase + group
10761,DispFormer phase+group,0.16603606939315796,0.1689300835132599,0.16457097232341766,0.04235028475522995,0.08538736402988434,phase + group
10823,DispFormer phase+group,0.1338498443365097,0.16707204282283783,0.11703109741210938,0.04159803315997124,0.06985966116189957,phase + group
10955,DispFormer phase+group,0.10565681010484695,0.11016452312469482,0.10337479412555695,0.03663109615445137,0.06163714826107025,phase + group
10994,DispFormer phase+group,0.07305014133453369,0.09869533032178879,0.06006725877523422,0.042102064937353134,0.04447202384471893,phase + group
11107,DispFormer phase+group,0.09388742595911026,0.06715571135282516,0.10742034763097763,0.02946597896516323,0.031652119010686874,phase + group
11157,DispFormer phase+group,0.10190441459417343,0.11447723954916,0.09553941339254379,0.03126111626625061,0.05681530013680458,phase + group
11290,DispFormer phase+group,0.1191670298576355,0.12991981208324432,0.11372341960668564,0.04313036426901817,0.0442560538649559,phase + group
11459,DispFormer phase+group,0.10307568311691284,0.07648050040006638,0.11653950065374374,0.027265356853604317,0.06845668703317642,phase + group
11544,DispFormer phase+group,0.09221764653921127,0.10807806253433228,0.084188312292099,0.024717578664422035,0.06257150322198868,phase + group
11593,DispFormer phase+group,0.05526674538850784,0.0404382199048996,0.0627736896276474,0.01941501535475254,0.0630413368344307,phase + group
11649,DispFormer phase+group,0.09459538757801056,0.15237808227539062,0.06534291058778763,0.021354591473937035,0.06338386237621307,phase + group
11809,DispFormer phase+group,0.06973221153020859,0.08245032280683517,0.06329367309808731,0.039780162274837494,0.047253869473934174,phase + group
12181,DispFormer phase+group,0.06155937537550926,0.11972681432962418,0.032112110406160355,0.03176405280828476,0.046617407351732254,phase + group
12657,DispFormer phase+group,0.11462826281785965,0.10529089719057083,0.11935529857873917,0.046744491904973984,0.05270260572433472,phase + group
