disp_best_rms_km_s,method,reference_in_p05_p95,site_index,status,vs_mae_km_s,vs_mae_0_40km_km_s,vs_mae_40_120km_km_s,phase_forward_rms_km_s,group_forward_rms_km_s,input_protocol
0.00945182980774657,QEDisp m0 multistart,nan,2,ok,0.09020265183745489,,,,,
nan,DI-Strong,0.6265560165975104,2,ok,0.129261314868927,,,,,
nan,DI-Weak,0.946058091286307,2,ok,0.10788612812757492,,,,,
0.009959733222280548,QEDisp m0 multistart,nan,7,ok,0.08990345319497733,,,,,
nan,DI-Strong,0.5892116182572614,7,ok,0.1016857698559761,,,,,
nan,DI-Weak,0.970954356846473,7,ok,0.09592322260141373,,,,,
0.00739468186730332,QEDisp m0 multistart,nan,153,ok,0.2012969879188655,,,,,
nan,DI-Strong,0.6929460580912863,153,ok,0.10766333341598511,,,,,
nan,DI-Weak,0.6597510373443983,153,ok,0.19209882616996765,,,,,
0.015493071262081725,QEDisp m0 multistart,nan,296,ok,0.1270459435826149,,,,,
nan,DI-Strong,0.7344398340248963,296,ok,0.12101596593856812,,,,,
nan,DI-Weak,0.4979253112033195,296,ok,0.3576374650001526,,,,,
0.011079190631442559,QEDisp m0 multistart,nan,331,ok,0.11851754207818277,,,,,
nan,DI-Strong,0.7925311203319502,331,ok,0.09238402545452118,,,,,
nan,DI-Weak,0.8879668049792531,331,ok,0.15853659808635712,,,,,
0.00939884982350003,QEDisp m0 multistart,nan,493,ok,0.15240337460240752,,,,,
nan,DI-Strong,0.7053941908713693,493,ok,0.11105863749980927,,,,,
nan,DI-Weak,0.9585062240663901,493,ok,0.12116076797246933,,,,,
0.006983022090134214,QEDisp m0 multistart,nan,658,ok,0.1113748950900917,,,,,
nan,DI-Strong,0.5933609958506224,658,ok,0.1365974098443985,,,,,
nan,DI-Weak,0.9087136929460581,658,ok,0.1481696516275406,,,,,
0.010588913759880246,QEDisp m0 multistart,nan,786,ok,0.10381510518322214,,,,,
nan,DI-Strong,0.6058091286307054,786,ok,0.13170461356639862,,,,,
nan,DI-Weak,0.4854771784232365,786,ok,0.22510458528995514,,,,,
0.004432723266483772,QEDisp m0 multistart,nan,992,ok,0.1080111668006791,,,,,
nan,DI-Strong,0.8091286307053942,992,ok,0.08537810295820236,,,,,
nan,DI-Weak,0.9543568464730291,992,ok,0.11664655804634094,,,,,
0.005047145260514645,QEDisp m0 multistart,nan,1009,ok,0.06753310563171339,,,,,
nan,DI-Strong,0.6141078838174274,1009,ok,0.11579032987356186,,,,,
nan,DI-Weak,0.8796680497925311,1009,ok,0.14208872616291046,,,,,
0.004783387950930154,QEDisp m0 multistart,nan,1040,ok,0.08207305082620825,,,,,
nan,DI-Strong,0.8423236514522822,1040,ok,0.08343789726495743,,,,,
nan,DI-Weak,0.8547717842323651,1040,ok,0.13646984100341797,,,,,
0.00621468427573655,QEDisp m0 multistart,nan,1087,ok,0.14381177120641817,,,,,
nan,DI-Strong,0.7925311203319502,1087,ok,0.09362828731536865,,,,,
nan,DI-Weak,0.9087136929460581,1087,ok,0.11993736028671265,,,,,
0.012123962420109633,QEDisp m0 multistart,nan,1148,ok,0.1185490793972431,,,,,
nan,DI-Strong,0.7925311203319502,1148,ok,0.10527776181697845,,,,,
nan,DI-Weak,0.8174273858921162,1148,ok,0.1546458601951599,,,,,
0.01602082367321898,QEDisp m0 multistart,nan,1209,ok,0.20913891303733614,,,,,
nan,DI-Strong,0.7634854771784232,1209,ok,0.09620865434408188,,,,,
nan,DI-Weak,0.6721991701244814,1209,ok,0.2390671968460083,,,,,
0.00384603049753605,QEDisp m0 multistart,nan,1254,ok,0.10562594000464363,,,,,
nan,DI-Strong,0.7136929460580913,1254,ok,0.08711527287960052,,,,,
nan,DI-Weak,0.995850622406639,1254,ok,0.14338906109333038,,,,,
0.018016204155038934,QEDisp m0 multistart,nan,1319,ok,0.1976040607168257,,,,,
nan,DI-Strong,0.8381742738589212,1319,ok,0.11305104941129684,,,,,
nan,DI-Weak,0.7842323651452282,1319,ok,0.18407638370990753,,,,,
0.015188928539416856,QEDisp m0 multistart,nan,1337,ok,0.08027382458615563,,,,,
nan,DI-Strong,0.8381742738589212,1337,ok,0.0915391817688942,,,,,
nan,DI-Weak,1.0,1337,ok,0.08122525364160538,,,,,
0.01100832609171708,QEDisp m0 multistart,nan,1429,ok,0.09974517948488534,,,,,
nan,DI-Strong,0.7385892116182573,1429,ok,0.1067521944642067,,,,,
nan,DI-Weak,0.6680497925311203,1429,ok,0.19843944907188416,,,,,
0.014080131003575717,QEDisp m0 multistart,nan,1439,ok,0.0918273042115719,,,,,
nan,DI-Strong,0.8381742738589212,1439,ok,0.07585397362709045,,,,,
nan,DI-Weak,0.7717842323651453,1439,ok,0.2060474008321762,,,,,
0.010015143705575415,QEDisp m0 multistart,nan,1749,ok,0.11647628726013995,,,,,
nan,DI-Strong,0.6846473029045643,1749,ok,0.12115240842103958,,,,,
nan,DI-Weak,0.9336099585062241,1749,ok,0.11953123658895493,,,,,
0.005801616952919868,QEDisp m0 multistart,nan,2011,ok,0.09584643440112944,,,,,
nan,DI-Strong,0.7053941908713693,2011,ok,0.08987583220005035,,,,,
nan,DI-Weak,0.8796680497925311,2011,ok,0.11034569889307022,,,,,
0.0032952934651245074,QEDisp m0 multistart,nan,2036,ok,0.13166416939053996,,,,,
nan,DI-Strong,0.49377593360995853,2036,ok,0.13491712510585785,,,,,
nan,DI-Weak,0.6887966804979253,2036,ok,0.1665457934141159,,,,,
0.004003946520110086,QEDisp m0 multistart,nan,2044,ok,0.10596301790437693,,,,,
nan,DI-Strong,0.7344398340248963,2044,ok,0.1079193502664566,,,,,
nan,DI-Weak,0.8589211618257261,2044,ok,0.1194230318069458,,,,,
0.0029647575062404343,QEDisp m0 multistart,nan,2074,ok,0.07080044433083908,,,,,
nan,DI-Strong,0.8049792531120332,2074,ok,0.07632257044315338,,,,,
nan,DI-Weak,1.0,2074,ok,0.07419881224632263,,,,,
0.005669978812354705,QEDisp m0 multistart,nan,2076,ok,0.0683837508574173,,,,,
nan,DI-Strong,0.6887966804979253,2076,ok,0.09740470349788666,,,,,
nan,DI-Weak,0.6182572614107884,2076,ok,0.18779397010803223,,,,,
0.01904428885453066,QEDisp m0 multistart,nan,2140,ok,0.12861331747643817,,,,,
nan,DI-Strong,0.7261410788381742,2140,ok,0.10337566584348679,,,,,
nan,DI-Weak,0.7053941908713693,2140,ok,0.21888099610805511,,,,,
0.005104261250304534,QEDisp m0 multistart,nan,2328,ok,0.10110475635767993,,,,,
nan,DI-Strong,0.991701244813278,2328,ok,0.07178687304258347,,,,,
nan,DI-Weak,0.9543568464730291,2328,ok,0.08465065062046051,,,,,
0.004827435989480717,QEDisp m0 multistart,nan,2487,ok,0.14260386179055554,,,,,
nan,DI-Strong,0.5435684647302904,2487,ok,0.13250787556171417,,,,,
nan,DI-Weak,0.9294605809128631,2487,ok,0.1345049887895584,,,,,
0.005354653127749775,QEDisp m0 multistart,nan,2533,ok,0.06254266409897284,,,,,
nan,DI-Strong,0.8215767634854771,2533,ok,0.09654224663972855,,,,,
nan,DI-Weak,0.995850622406639,2533,ok,0.07756253331899643,,,,,
0.006674300192826454,QEDisp m0 multistart,nan,2613,ok,0.06309866728822068,,,,,
nan,DI-Strong,0.9087136929460581,2613,ok,0.07058821618556976,,,,,
nan,DI-Weak,1.0,2613,ok,0.11492098122835159,,,,,
0.0059549624420119135,QEDisp m0 multistart,nan,2634,ok,0.1253709805425164,,,,,
nan,DI-Strong,0.6307053941908713,2634,ok,0.13510817289352417,,,,,
nan,DI-Weak,0.946058091286307,2634,ok,0.14339333772659302,,,,,
0.005502761700454664,QEDisp m0 multistart,nan,2697,ok,0.07277861809827639,,,,,
nan,DI-Strong,0.8879668049792531,2697,ok,0.07499069720506668,,,,,
nan,DI-Weak,0.8962655601659751,2697,ok,0.128495454788208,,,,,
0.006142041013123539,QEDisp m0 multistart,nan,2813,ok,0.06342765507248599,,,,,
nan,DI-Strong,0.8630705394190872,2813,ok,0.0902431532740593,,,,,
nan,DI-Weak,0.91701244813278,2813,ok,0.09486372023820877,,,,,
0.007242099140113061,QEDisp m0 multistart,nan,2816,ok,0.06523104730970261,,,,,
nan,DI-Strong,0.6431535269709544,2816,ok,0.08856065571308136,,,,,
nan,DI-Weak,0.7593360995850622,2816,ok,0.13148728013038635,,,,,
0.004935490893314786,QEDisp m0 multistart,nan,2835,ok,0.10353487785340158,,,,,
nan,DI-Strong,0.5892116182572614,2835,ok,0.0949212834239006,,,,,
nan,DI-Weak,0.8630705394190872,2835,ok,0.10607815533876419,,,,,
0.007553297849688029,QEDisp m0 multistart,nan,3197,ok,0.057332876698189796,,,,,
nan,DI-Strong,0.8713692946058091,3197,ok,0.12647037208080292,,,,,
nan,DI-Weak,0.950207468879668,3197,ok,0.1178126335144043,,,,,
0.006363436498424966,QEDisp m0 multistart,nan,3291,ok,0.0445020463457361,,,,,
nan,DI-Strong,0.5020746887966805,3291,ok,0.12395206093788147,,,,,
nan,DI-Weak,0.946058091286307,3291,ok,0.15722739696502686,,,,,
0.003733770749507289,QEDisp m0 multistart,nan,3388,ok,0.0821581644791572,,,,,
nan,DI-Strong,0.6224066390041494,3388,ok,0.10070173442363739,,,,,
nan,DI-Weak,0.995850622406639,3388,ok,0.07439099997282028,,,,,
0.0031320134904100337,QEDisp m0 multistart,nan,3546,ok,0.0990650915703997,,,,,
nan,DI-Strong,0.49377593360995853,3546,ok,0.12528663873672485,,,,,
nan,DI-Weak,0.8921161825726142,3546,ok,0.15162760019302368,,,,,
0.005026504869422924,QEDisp m0 multistart,nan,3559,ok,0.07512750453399998,,,,,
nan,DI-Strong,0.8506224066390041,3559,ok,0.09783092141151428,,,,,
nan,DI-Weak,0.970954356846473,3559,ok,0.09957848489284515,,,,,
0.004455553247589346,QEDisp m0 multistart,nan,3785,ok,0.08761579505204223,,,,,
nan,DI-Strong,0.6763485477178424,3785,ok,0.10572609305381775,,,,,
nan,DI-Weak,0.991701244813278,3785,ok,0.09160885214805603,,,,,
0.006643645728989868,QEDisp m0 multistart,nan,3805,ok,0.1372568213216095,,,,,
nan,DI-Strong,0.6804979253112033,3805,ok,0.11186757683753967,,,,,
nan,DI-Weak,0.6141078838174274,3805,ok,0.19684217870235443,,,,,
0.012670876106432884,QEDisp m0 multistart,nan,4046,ok,0.07819284751859905,,,,,
nan,DI-Strong,0.4896265560165975,4046,ok,0.11477379500865936,,,,,
nan,DI-Weak,1.0,4046,ok,0.10383830964565277,,,,,
0.006772095536469303,QEDisp m0 multistart,nan,4124,ok,0.08570546181949978,,,,,
nan,DI-Strong,0.7261410788381742,4124,ok,0.11437501013278961,,,,,
nan,DI-Weak,0.9626556016597511,4124,ok,0.10364682972431183,,,,,
0.02389742500598957,QEDisp m0 multistart,nan,4215,ok,0.15689401252853394,,,,,
nan,DI-Strong,0.4730290456431535,4215,ok,0.12222559005022049,,,,,
nan,DI-Weak,0.9128630705394191,4215,ok,0.14835722744464874,,,,,
0.006080644325271053,QEDisp m0 multistart,nan,4427,ok,0.07362092243401439,,,,,
nan,DI-Strong,0.6970954356846473,4427,ok,0.10644605755805969,,,,,
nan,DI-Weak,0.983402489626556,4427,ok,0.08888651430606842,,,,,
0.004221505542792065,QEDisp m0 multistart,nan,4472,ok,0.08129647984041616,,,,,
nan,DI-Strong,0.4730290456431535,4472,ok,0.15088637173175812,,,,,
nan,DI-Weak,0.9087136929460581,4472,ok,0.12105149775743484,,,,,
0.007431301539920114,QEDisp m0 multistart,nan,4555,ok,0.08850173146089368,,,,,
nan,DI-Strong,0.5435684647302904,4555,ok,0.11974828690290451,,,,,
nan,DI-Weak,0.979253112033195,4555,ok,0.10684452950954437,,,,,
0.009412007536107679,QEDisp m0 multistart,nan,4670,ok,0.09379094815365585,,,,,
nan,DI-Strong,0.7385892116182573,4670,ok,0.11318306624889374,,,,,
nan,DI-Weak,0.975103734439834,4670,ok,0.09575673937797546,,,,,
0.004051770693008216,QEDisp m0 multistart,nan,4695,ok,0.09547142891123125,,,,,
nan,DI-Strong,0.7053941908713693,4695,ok,0.10495778918266296,,,,,
nan,DI-Weak,0.995850622406639,4695,ok,0.08469519019126892,,,,,
0.010498024192226512,QEDisp m0 multistart,nan,4724,ok,0.13490643441784936,,,,,
nan,DI-Strong,0.7468879668049793,4724,ok,0.08059567213058472,,,,,
nan,DI-Weak,1.0,4724,ok,0.11041134595870972,,,,,
0.008814706984420488,QEDisp m0 multistart,nan,4805,ok,0.07276259268767066,,,,,
nan,DI-Strong,0.921161825726141,4805,ok,0.09065937995910645,,,,,
nan,DI-Weak,0.9626556016597511,4805,ok,0.08182501047849655,,,,,
0.00999079350829426,QEDisp m0 multistart,nan,4989,ok,0.053947651253326796,,,,,
nan,DI-Strong,0.8506224066390041,4989,ok,0.09316810220479965,,,,,
nan,DI-Weak,0.9336099585062241,4989,ok,0.09783025830984116,,,,,
0.008166696646106357,QEDisp m0 multistart,nan,5077,ok,0.08999715385769298,,,,,
nan,DI-Strong,0.5103734439834025,5077,ok,0.11221212148666382,,,,,
nan,DI-Weak,0.9626556016597511,5077,ok,0.1152568906545639,,,,,
0.018102921590065185,QEDisp m0 multistart,nan,5097,ok,0.1240275487490094,,,,,
nan,DI-Strong,0.6556016597510373,5097,ok,0.10613537579774857,,,,,
nan,DI-Weak,0.921161825726141,5097,ok,0.13780087232589722,,,,,
0.0098621088304105,QEDisp m0 multistart,nan,5111,ok,0.10012267923482905,,,,,
nan,DI-Strong,0.7468879668049793,5111,ok,0.09128303080797195,,,,,
nan,DI-Weak,1.0,5111,ok,0.0925113782286644,,,,,
0.007203230361536666,QEDisp m0 multistart,nan,5212,ok,0.10771183433910736,,,,,
nan,DI-Strong,0.8340248962655602,5212,ok,0.0811203122138977,,,,,
nan,DI-Weak,0.8755186721991701,5212,ok,0.11774185299873352,,,,,
0.010218251083926799,QEDisp m0 multistart,nan,5564,ok,0.07157723997285854,,,,,
nan,DI-Strong,0.6141078838174274,5564,ok,0.08397940546274185,,,,,
nan,DI-Weak,0.995850622406639,5564,ok,0.06910838186740875,,,,,
0.012776609975186988,QEDisp m0 multistart,nan,5580,ok,0.05166241572681539,,,,,
nan,DI-Strong,0.7178423236514523,5580,ok,0.10549754649400711,,,,,
nan,DI-Weak,0.8340248962655602,5580,ok,0.15919992327690125,,,,,
0.007310039862026516,QEDisp m0 multistart,nan,5604,ok,0.08245919975454863,,,,,
nan,DI-Strong,0.49377593360995853,5604,ok,0.11919677257537842,,,,,
nan,DI-Weak,0.8755186721991701,5604,ok,0.11862866580486298,,,,,
0.008601048147173522,QEDisp m0 multistart,nan,5762,ok,0.10221177663867603,,,,,
nan,DI-Strong,0.8132780082987552,5762,ok,0.07989593595266342,,,,,
nan,DI-Weak,1.0,5762,ok,0.067814901471138,,,,,
0.006775118916735536,QEDisp m0 multistart,nan,6047,ok,0.10857673210119814,,,,,
nan,DI-Strong,0.5477178423236515,6047,ok,0.14857029914855957,,,,,
nan,DI-Weak,0.6058091286307054,6047,ok,0.17989300191402435,,,,,
0.009762532540103943,QEDisp m0 multistart,nan,6196,ok,0.13230491303995,,,,,
nan,DI-Strong,0.6265560165975104,6196,ok,0.13368047773838043,,,,,
nan,DI-Weak,0.6514522821576764,6196,ok,0.1542743593454361,,,,,
0.014242196099804956,QEDisp m0 multistart,nan,6663,ok,0.09159349494344576,,,,,
nan,DI-Strong,0.4854771784232365,6663,ok,0.1413361132144928,,,,,
nan,DI-Weak,0.9294605809128631,6663,ok,0.13189318776130676,,,,,
0.008961553535351715,QEDisp m0 multistart,nan,6679,ok,0.07041216800702213,,,,,
nan,DI-Strong,0.8547717842323651,6679,ok,0.07275322824716568,,,,,
nan,DI-Weak,0.9128630705394191,6679,ok,0.12863130867481232,,,,,
0.0142035517758774,QEDisp m0 multistart,nan,6771,ok,0.09980049845807852,,,,,
nan,DI-Strong,0.8008298755186722,6771,ok,0.09177814424037933,,,,,
nan,DI-Weak,0.966804979253112,6771,ok,0.11454199254512787,,,,,
0.008643597318609024,QEDisp m0 multistart,nan,6956,ok,0.03953865552602196,,,,,
nan,DI-Strong,0.7344398340248963,6956,ok,0.08195073157548904,,,,,
nan,DI-Weak,0.975103734439834,6956,ok,0.08215723186731339,,,,,
0.01321388294736073,QEDisp m0 multistart,nan,7220,ok,0.07108462218343117,,,,,
nan,DI-Strong,0.7427385892116183,7220,ok,0.08172145485877991,,,,,
nan,DI-Weak,0.950207468879668,7220,ok,0.11377588659524918,,,,,
0.012545024596525838,QEDisp m0 multistart,nan,7308,ok,0.1326909845227193,,,,,
nan,DI-Strong,0.6348547717842323,7308,ok,0.09297668188810349,,,,,
nan,DI-Weak,0.970954356846473,7308,ok,0.10600416362285614,,,,,
0.0028896658828176064,QEDisp m0 multistart,nan,7350,ok,0.1191459628219028,,,,,
nan,DI-Strong,0.4605809128630705,7350,ok,0.14740785956382751,,,,,
nan,DI-Weak,0.941908713692946,7350,ok,0.12970247864723206,,,,,
0.0037188376682378197,QEDisp m0 multistart,nan,7422,ok,0.07680083057915306,,,,,
nan,DI-Strong,0.7012448132780082,7422,ok,0.09544552862644196,,,,,
nan,DI-Weak,0.8381742738589212,7422,ok,0.10810983926057816,,,,,
0.012643791093637962,QEDisp m0 multistart,nan,7447,ok,0.08295523486393579,,,,,
nan,DI-Strong,0.6265560165975104,7447,ok,0.10874991863965988,,,,,
nan,DI-Weak,0.979253112033195,7447,ok,0.060300469398498535,,,,,
0.011294872019112103,QEDisp m0 multistart,nan,7454,ok,0.12296444483092268,,,,,
nan,DI-Strong,0.5435684647302904,7454,ok,0.1271272897720337,,,,,
nan,DI-Weak,0.6970954356846473,7454,ok,0.16830573976039886,,,,,
0.004887839468172627,QEDisp m0 multistart,nan,7640,ok,0.05802356608696585,,,,,
nan,DI-Strong,0.7178423236514523,7640,ok,0.0984727293252945,,,,,
nan,DI-Weak,1.0,7640,ok,0.06884648650884628,,,,,
0.022793898611650498,QEDisp m0 multistart,nan,7681,ok,0.09009230778000993,,,,,
nan,DI-Strong,0.6348547717842323,7681,ok,0.08513875305652618,,,,,
nan,DI-Weak,0.8174273858921162,7681,ok,0.15778976678848267,,,,,
0.010845246610248814,QEDisp m0 multistart,nan,7794,ok,0.1579792628059473,,,,,
nan,DI-Strong,0.6307053941908713,7794,ok,0.10836505144834518,,,,,
nan,DI-Weak,0.7800829875518672,7794,ok,0.12833185493946075,,,,,
0.011556799570984112,QEDisp m0 multistart,nan,7861,ok,0.13475884378721162,,,,,
nan,DI-Strong,0.7219917012448133,7861,ok,0.11805932223796844,,,,,
nan,DI-Weak,0.8879668049792531,7861,ok,0.12327832728624344,,,,,
0.018787554754957376,QEDisp m0 multistart,nan,7871,ok,0.14377198313717482,,,,,
nan,DI-Strong,0.4896265560165975,7871,ok,0.12593036890029907,,,,,
nan,DI-Weak,0.7385892116182573,7871,ok,0.17480190098285675,,,,,
0.014408093725020497,QEDisp m0 multistart,nan,8105,ok,0.10908354603093802,,,,,
nan,DI-Strong,0.7427385892116183,8105,ok,0.07784722000360489,,,,,
nan,DI-Weak,1.0,8105,ok,0.0865977555513382,,,,,
0.010154539850178479,QEDisp m0 multistart,nan,8228,ok,0.09298709437909362,,,,,
nan,DI-Strong,0.5186721991701245,8228,ok,0.10360785573720932,,,,,
nan,DI-Weak,0.975103734439834,8228,ok,0.09606734663248062,,,,,
0.008678800485115195,QEDisp m0 multistart,nan,8270,ok,0.11437905837740972,,,,,
nan,DI-Strong,0.45643153526970953,8270,ok,0.11406731605529785,,,,,
nan,DI-Weak,0.5601659751037344,8270,ok,0.1853288859128952,,,,,
0.012365713361240913,QEDisp m0 multistart,nan,8308,ok,0.10862453910745837,,,,,
nan,DI-Strong,0.5103734439834025,8308,ok,0.1283407360315323,,,,,
nan,DI-Weak,0.7427385892116183,8308,ok,0.15564534068107605,,,,,
0.00785792666814754,QEDisp m0 multistart,nan,8314,ok,0.105018261744052,,,,,
nan,DI-Strong,0.6016597510373444,8314,ok,0.11852356046438217,,,,,
nan,DI-Weak,0.995850622406639,8314,ok,0.0798562616109848,,,,,
0.0059205307648864496,QEDisp m0 multistart,nan,8467,ok,0.10855238672531073,,,,,
nan,DI-Strong,0.6182572614107884,8467,ok,0.12276092916727066,,,,,
nan,DI-Weak,0.7385892116182573,8467,ok,0.15484486520290375,,,,,
0.01071016974778639,QEDisp m0 multistart,nan,8523,ok,0.06853441768011237,,,,,
nan,DI-Strong,0.43568464730290457,8523,ok,0.1026838943362236,,,,,
nan,DI-Weak,1.0,8523,ok,0.11163731664419174,,,,,
0.008559985871488384,QEDisp m0 multistart,nan,8568,ok,0.10078549527823955,,,,,
nan,DI-Strong,0.6431535269709544,8568,ok,0.09998858720064163,,,,,
nan,DI-Weak,0.991701244813278,8568,ok,0.13123063743114471,,,,,
0.004739944861664812,QEDisp m0 multistart,nan,8624,ok,0.1282202178941008,,,,,
nan,DI-Strong,0.5684647302904564,8624,ok,0.12988169491291046,,,,,
nan,DI-Weak,1.0,8624,ok,0.11281019449234009,,,,,
0.004451149509376854,QEDisp m0 multistart,nan,8665,ok,0.10891166502294314,,,,,
nan,DI-Strong,0.7883817427385892,8665,ok,0.07867331802845001,,,,,
nan,DI-Weak,0.991701244813278,8665,ok,0.11292465031147003,,,,,
0.004122697152482417,QEDisp m0 multistart,nan,8782,ok,0.06932868337466033,,,,,
nan,DI-Strong,0.7842323651452282,8782,ok,0.07018754631280899,,,,,
nan,DI-Weak,0.991701244813278,8782,ok,0.08051388710737228,,,,,
0.011232113359202383,QEDisp m0 multistart,nan,8848,ok,0.15130474220154122,,,,,
nan,DI-Strong,0.4605809128630705,8848,ok,0.14295658469200134,,,,,
nan,DI-Weak,0.8838174273858921,8848,ok,0.126540407538414,,,,,
0.010234360739346018,QEDisp m0 multistart,nan,9065,ok,0.09651745482696432,,,,,
nan,DI-Strong,0.7344398340248963,9065,ok,0.08601295948028564,,,,,
nan,DI-Weak,0.941908713692946,9065,ok,0.10862746834754944,,,,,
0.014580777104698869,QEDisp m0 multistart,nan,9116,ok,0.09821726093890346,,,,,
nan,DI-Strong,0.4149377593360996,9116,ok,0.15472622215747833,,,,,
nan,DI-Weak,0.8796680497925311,9116,ok,0.16867966949939728,,,,,
0.01663372369026091,QEDisp m0 multistart,nan,9220,ok,0.09585049355358805,,,,,
nan,DI-Strong,0.7551867219917012,9220,ok,0.09445007145404816,,,,,
nan,DI-Weak,0.9128630705394191,9220,ok,0.13323573768138885,,,,,
0.016011552447672422,QEDisp m0 multistart,nan,9314,ok,0.07992501008682015,,,,,
nan,DI-Strong,0.8713692946058091,9314,ok,0.0876765102148056,,,,,
nan,DI-Weak,0.8381742738589212,9314,ok,0.15625454485416412,,,,,
0.035934219233737026,QEDisp m0 multistart,nan,9335,ok,0.14156115177592307,,,,,
nan,DI-Strong,0.5601659751037344,9335,ok,0.152093306183815,,,,,
nan,DI-Weak,0.7136929460580913,9335,ok,0.20129601657390594,,,,,
0.01552432745139325,QEDisp m0 multistart,nan,9495,ok,0.12139884255734713,,,,,
nan,DI-Strong,0.7925311203319502,9495,ok,0.0829678624868393,,,,,
nan,DI-Weak,0.7842323651452282,9495,ok,0.14784882962703705,,,,,
0.00995926946338945,QEDisp m0 multistart,nan,9549,ok,0.07533535116995647,,,,,
nan,DI-Strong,0.7717842323651453,9549,ok,0.11081825196743011,,,,,
nan,DI-Weak,0.6514522821576764,9549,ok,0.1985979527235031,,,,,
0.00846640187921906,QEDisp m0 multistart,nan,9586,ok,0.09436210508418556,,,,,
nan,DI-Strong,0.7966804979253111,9586,ok,0.11049145460128784,,,,,
nan,DI-Weak,0.8713692946058091,9586,ok,0.13826093077659607,,,,,
0.008490180526359812,QEDisp m0 multistart,nan,9591,ok,0.05748097521358533,,,,,
nan,DI-Strong,0.8174273858921162,9591,ok,0.08266899734735489,,,,,
nan,DI-Weak,0.9875518672199171,9591,ok,0.08276677131652832,,,,,
0.010358963804257356,QEDisp m0 multistart,nan,9680,ok,0.08465557299952928,,,,,
nan,DI-Strong,0.5228215767634855,9680,ok,0.15346960723400116,,,,,
nan,DI-Weak,0.9543568464730291,9680,ok,0.10078071057796478,,,,,
0.015732301197882066,QEDisp m0 multistart,nan,9827,ok,0.10472067265520588,,,,,
nan,DI-Strong,0.7634854771784232,9827,ok,0.11691301316022873,,,,,
nan,DI-Weak,0.6514522821576764,9827,ok,0.16261422634124756,,,,,
0.023969393204773475,QEDisp m0 multistart,nan,9858,ok,0.21466527594792728,,,,,
nan,DI-Strong,0.8008298755186722,9858,ok,0.0815780833363533,,,,,
nan,DI-Weak,0.8049792531120332,9858,ok,0.15952341258525848,,,,,
0.021462200980858853,QEDisp m0 multistart,nan,9868,ok,0.16679851071192126,,,,,
nan,DI-Strong,0.5020746887966805,9868,ok,0.14951425790786743,,,,,
nan,DI-Weak,0.5145228215767634,9868,ok,0.31615009903907776,,,,,
0.008638705703330071,QEDisp m0 multistart,nan,9938,ok,0.07646806681898789,,,,,
nan,DI-Strong,0.8547717842323651,9938,ok,0.10464552789926529,,,,,
nan,DI-Weak,0.946058091286307,9938,ok,0.11421467363834381,,,,,
0.02216547603587688,QEDisp m0 multistart,nan,9951,ok,0.10874721876705021,,,,,
nan,DI-Strong,0.5477178423236515,9951,ok,0.1446371078491211,,,,,
nan,DI-Weak,0.5103734439834025,9951,ok,0.27507254481315613,,,,,
0.014677411416300006,QEDisp m0 multistart,nan,9952,ok,0.07194314881762878,,,,,
nan,DI-Strong,0.5850622406639004,9952,ok,0.11985853314399719,,,,,
nan,DI-Weak,0.8215767634854771,9952,ok,0.13570895791053772,,,,,
0.022082328648506226,QEDisp m0 multistart,nan,9986,ok,0.07540587124604314,,,,,
nan,DI-Strong,0.49377593360995853,9986,ok,0.15140973031520844,,,,,
nan,DI-Weak,0.7219917012448133,9986,ok,0.1910419762134552,,,,,
0.017213740488659084,QEDisp m0 multistart,nan,10074,ok,0.08725018563575733,,,,,
nan,DI-Strong,0.5643153526970954,10074,ok,0.14011028409004211,,,,,
nan,DI-Weak,0.5352697095435685,10074,ok,0.29334378242492676,,,,,
0.020970633132921503,QEDisp m0 multistart,nan,10141,ok,0.13815971929093296,,,,,
nan,DI-Strong,0.8174273858921162,10141,ok,0.10409872978925705,,,,,
nan,DI-Weak,0.5850622406639004,10141,ok,0.27515605092048645,,,,,
0.0018326209983192832,QEDisp m0 multistart,nan,10356,ok,0.07039141922467544,,,,,
nan,DI-Strong,0.6970954356846473,10356,ok,0.09184439480304718,,,,,
nan,DI-Weak,1.0,10356,ok,0.07421306520700455,,,,,
0.03892287268384872,QEDisp m0 multistart,nan,10553,ok,0.23948615799283682,,,,,
nan,DI-Strong,0.7883817427385892,10553,ok,0.08831082284450531,,,,,
nan,DI-Weak,0.8838174273858921,10553,ok,0.1758364886045456,,,,,
0.01134679565525433,QEDisp m0 multistart,nan,10568,ok,0.12133929360078718,,,,,
nan,DI-Strong,0.6473029045643154,10568,ok,0.11126013845205307,,,,,
nan,DI-Weak,0.9294605809128631,10568,ok,0.12014627456665039,,,,,
0.014393181252772846,QEDisp m0 multistart,nan,10726,ok,0.07588865990599326,,,,,
nan,DI-Strong,0.9128630705394191,10726,ok,0.07536429166793823,,,,,
nan,DI-Weak,0.6846473029045643,10726,ok,0.16723303496837616,,,,,
0.014251163628030063,QEDisp m0 multistart,nan,10755,ok,0.05312452037815524,,,,,
nan,DI-Strong,0.5394190871369294,10755,ok,0.13072283565998077,,,,,
nan,DI-Weak,0.5975103734439834,10755,ok,0.19894668459892273,,,,,
0.010550552847233573,QEDisp m0 multistart,nan,10761,ok,0.10201982736086186,,,,,
nan,DI-Strong,0.49377593360995853,10761,ok,0.13839402794837952,,,,,
nan,DI-Weak,0.6348547717842323,10761,ok,0.14262959361076355,,,,,
0.009182479434630197,QEDisp m0 multistart,nan,10823,ok,0.13369659064891448,,,,,
nan,DI-Strong,0.6556016597510373,10823,ok,0.09896153956651688,,,,,
nan,DI-Weak,1.0,10823,ok,0.1281016618013382,,,,,
0.009838590950002543,QEDisp m0 multistart,nan,10955,ok,0.11894020997705289,,,,,
nan,DI-Strong,0.5892116182572614,10955,ok,0.10720902681350708,,,,,
nan,DI-Weak,0.9045643153526971,10955,ok,0.11908503621816635,,,,,
0.023428041645131896,QEDisp m0 multistart,nan,10994,ok,0.12872665753472165,,,,,
nan,DI-Strong,0.8796680497925311,10994,ok,0.0791514590382576,,,,,
nan,DI-Weak,0.8174273858921162,10994,ok,0.14048722386360168,,,,,
0.013050906961703619,QEDisp m0 multistart,nan,11107,ok,0.07760776722568734,,,,,
nan,DI-Strong,0.6390041493775933,11107,ok,0.14044973254203796,,,,,
nan,DI-Weak,0.5601659751037344,11107,ok,0.20460432767868042,,,,,
0.004444710544843781,QEDisp m0 multistart,nan,11157,ok,0.09692138104826278,,,,,
nan,DI-Strong,0.8008298755186722,11157,ok,0.07434899359941483,,,,,
nan,DI-Weak,0.979253112033195,11157,ok,0.06177173927426338,,,,,
0.006480818426112795,QEDisp m0 multistart,nan,11290,ok,0.06826950717285091,,,,,
nan,DI-Strong,0.5684647302904564,11290,ok,0.11635098606348038,,,,,
nan,DI-Weak,0.983402489626556,11290,ok,0.10526631772518158,,,,,
0.010504226874072148,QEDisp m0 multistart,nan,11459,ok,0.17352737492029482,,,,,
nan,DI-Strong,0.4979253112033195,11459,ok,0.12686793506145477,,,,,
nan,DI-Weak,0.7966804979253111,11459,ok,0.15260128676891327,,,,,
0.012948967640812468,QEDisp m0 multistart,nan,11544,ok,0.07903694623363952,,,,,
nan,DI-Strong,0.7717842323651453,11544,ok,0.08736272901296616,,,,,
nan,DI-Weak,0.7676348547717843,11544,ok,0.14289864897727966,,,,,
0.011669893744096289,QEDisp m0 multistart,nan,11593,ok,0.10510736716177171,,,,,
nan,DI-Strong,0.6431535269709544,11593,ok,0.1328931450843811,,,,,
nan,DI-Weak,0.7510373443983402,11593,ok,0.1968560814857483,,,,,
0.0063242748327673026,QEDisp m0 multistart,nan,11649,ok,0.13752279188153516,,,,,
nan,DI-Strong,0.44398340248962653,11649,ok,0.14516212046146393,,,,,
nan,DI-Weak,0.7593360995850622,11649,ok,0.176046684384346,,,,,
0.0089260970956335,QEDisp m0 multistart,nan,11809,ok,0.10394912134332854,,,,,
nan,DI-Strong,0.7634854771784232,11809,ok,0.1098327562212944,,,,,
nan,DI-Weak,1.0,11809,ok,0.062016066163778305,,,,,
0.00479276350574492,QEDisp m0 multistart,nan,12181,ok,0.1000384060262136,,,,,
nan,DI-Strong,0.9626556016597511,12181,ok,0.0734005942940712,,,,,
nan,DI-Weak,0.9377593360995851,12181,ok,0.08247626572847366,,,,,
0.009631952350513243,QEDisp m0 multistart,nan,12657,ok,0.1425586142399997,,,,,
nan,DI-Strong,0.6639004149377593,12657,ok,0.12037177383899689,,,,,
nan,DI-Weak,0.45643153526970953,12657,ok,0.22448106110095978,,,,,
,DispFormer phase-only,,2,,0.10758262127637863,0.18707361817359924,0.06734030693769455,0.0377589650452137,0.043579135090112686,phase only
,DispFormer phase-only,,7,,0.11591235548257828,0.15757356584072113,0.09482137113809586,0.0397750549018383,0.09007696807384491,phase only
,DispFormer phase-only,,153,,0.17737038433551788,0.08007954061031342,0.22662386298179626,0.031862568110227585,0.07055339962244034,phase only
,DispFormer phase-only,,296,,0.18342219293117523,0.16997863352298737,0.19022801518440247,0.053119219839572906,0.12925571203231812,phase only
,DispFormer phase-only,,331,,0.12688681483268738,0.07593924552202225,0.15267902612686157,0.02670111320912838,0.09349527955055237,phase only
,DispFormer phase-only,,493,,0.12605519592761993,0.09164077788591385,0.14347748458385468,0.03601957857608795,0.12014316767454147,phase only
,DispFormer phase-only,,658,,0.0946430191397667,0.1206534132361412,0.08147524297237396,0.03644172474741936,0.11854314804077148,phase only
,DispFormer phase-only,,786,,0.1493176966905594,0.16467837989330292,0.14154131710529327,0.04568449780344963,0.06321730464696884,phase only
,DispFormer phase-only,,992,,0.11133447289466858,0.12850825488567352,0.10264024883508682,0.035785287618637085,0.09570766240358353,phase only
,DispFormer phase-only,,1009,,0.07084854692220688,0.16339999437332153,0.023994365707039833,0.04436027258634567,0.0994485542178154,phase only
,DispFormer phase-only,,1040,,0.12380875647068024,0.1491064876317978,0.11100178956985474,0.03701748698949814,0.08087119460105896,phase only
,DispFormer phase-only,,1087,,0.12874731421470642,0.09943335503339767,0.14358749985694885,0.028277693316340446,0.06774871051311493,phase only
,DispFormer phase-only,,1148,,0.18411396443843842,0.18127526342868805,0.1855510175228119,0.047894250601530075,0.09649296849966049,phase only
,DispFormer phase-only,,1209,,0.10179015249013901,0.09929533302783966,0.10305315256118774,0.05271304026246071,0.15425634384155273,phase only
,DispFormer phase-only,,1254,,0.07383266091346741,0.11689823865890503,0.05203070491552353,0.06235270947217941,0.11546531319618225,phase only
,DispFormer phase-only,,1319,,0.15384069085121155,0.19829891622066498,0.13133372366428375,0.044003378599882126,0.11612579971551895,phase only
,DispFormer phase-only,,1337,,0.08614840358495712,0.11056488007307053,0.07378755509853363,0.045101597905159,0.07620055228471756,phase only
,DispFormer phase-only,,1429,,0.1318816989660263,0.15546560287475586,0.11994235217571259,0.046635035425424576,0.05676047131419182,phase only
,DispFormer phase-only,,1439,,0.14861960709095,0.17221052944660187,0.13667669892311096,0.024828167632222176,0.04705236479640007,phase only
,DispFormer phase-only,,1749,,0.0640738308429718,0.13318681716918945,0.02908538654446602,0.04769141599535942,0.11796616017818451,phase only
,DispFormer phase-only,,2011,,0.07174992561340332,0.12133602052927017,0.046646974980831146,0.03312093764543533,0.06216108053922653,phase only
,DispFormer phase-only,,2036,,0.09013203531503677,0.1342683732509613,0.0677880123257637,0.06154581159353256,0.108830027282238,phase only
,DispFormer phase-only,,2044,,0.08751111477613449,0.1323956400156021,0.0647883266210556,0.04212747514247894,0.07556623220443726,phase only
,DispFormer phase-only,,2074,,0.10578741133213043,0.1312122642993927,0.0929160863161087,0.03090505860745907,0.1479821354150772,phase only
,DispFormer phase-only,,2076,,0.09945016354322433,0.14691703021526337,0.0754200741648674,0.034645188599824905,0.06760717928409576,phase only
,DispFormer phase-only,,2140,,0.11949243396520615,0.14419393241405487,0.10698729753494263,0.048760052770376205,0.08022146672010422,phase only
,DispFormer phase-only,,2328,,0.058505941182374954,0.08638617396354675,0.04439157247543335,0.031187091022729874,0.08068160712718964,phase only
,DispFormer phase-only,,2487,,0.08201847970485687,0.12614691257476807,0.05967845767736435,0.06213291734457016,0.10769788920879364,phase only
,DispFormer phase-only,,2533,,0.1543533205986023,0.24476103484630585,0.10858441889286041,0.06320563703775406,0.17078016698360443,phase only
,DispFormer phase-only,,2613,,0.07514673471450806,0.09430062025785446,0.06545008718967438,0.06762721389532089,0.09662776440382004,phase only
,DispFormer phase-only,,2634,,0.14658884704113007,0.10710783302783966,0.16657611727714539,0.030030490830540657,0.10183031111955643,phase only
,DispFormer phase-only,,2697,,0.07757096737623215,0.16514557600021362,0.033236313611269,0.034913402050733566,0.12250139564275742,phase only
,DispFormer phase-only,,2813,,0.066937156021595,0.11983919888734818,0.040155503898859024,0.04423872008919716,0.09531998634338379,phase only
,DispFormer phase-only,,2816,,0.11473481357097626,0.16870689392089844,0.08741144835948944,0.03488212078809738,0.07800425589084625,phase only
,DispFormer phase-only,,2835,,0.10443543642759323,0.10686208307743073,0.10320694744586945,0.07077579200267792,0.11517275869846344,phase only
,DispFormer phase-only,,3197,,0.10138999670743942,0.17624352872371674,0.06349538266658783,0.037696510553359985,0.1308802366256714,phase only
,DispFormer phase-only,,3291,,0.0753176212310791,0.13009226322174072,0.04758796468377113,0.055840689688920975,0.1147245541214943,phase only
,DispFormer phase-only,,3388,,0.09029822051525116,0.15696217119693756,0.05654959753155708,0.06000789627432823,0.07737059891223907,phase only
,DispFormer phase-only,,3546,,0.1561497449874878,0.22312211990356445,0.12224496901035309,0.04280383512377739,0.1369781494140625,phase only
,DispFormer phase-only,,3559,,0.0524178184568882,0.07903008162975311,0.038945361971855164,0.04126957058906555,0.09583554416894913,phase only
,DispFormer phase-only,,3785,,0.05920859053730965,0.10416402667760849,0.03644989803433418,0.04118562862277031,0.06670232117176056,phase only
,DispFormer phase-only,,3805,,0.10011564195156097,0.21877853572368622,0.04004255309700966,0.04568232595920563,0.16312551498413086,phase only
,DispFormer phase-only,,4046,,0.11423823237419128,0.16066598892211914,0.09073418378829956,0.02760334499180317,0.10187940299510956,phase only
,DispFormer phase-only,,4124,,0.08885685354471207,0.16994643211364746,0.04780525341629982,0.0635184720158577,0.1466168910264969,phase only
,DispFormer phase-only,,4215,,0.101600281894207,0.1415766477584839,0.08136226236820221,0.08064036816358566,0.18601496517658234,phase only
,DispFormer phase-only,,4427,,0.14530858397483826,0.2807970643043518,0.07671752572059631,0.03378542512655258,0.12461202591657639,phase only
,DispFormer phase-only,,4472,,0.14794377982616425,0.20574155449867249,0.11868363618850708,0.058479029685258865,0.16282323002815247,phase only
,DispFormer phase-only,,4555,,0.13774552941322327,0.2650732100009918,0.07328587770462036,0.043451808393001556,0.16701164841651917,phase only
,DispFormer phase-only,,4670,,0.08646608144044876,0.15779338777065277,0.05035663768649101,0.03148853778839111,0.09595660120248795,phase only
,DispFormer phase-only,,4695,,0.10794288665056229,0.14823879301548004,0.08754308521747589,0.04519641399383545,0.07639512419700623,phase only
,DispFormer phase-only,,4724,,0.1259363889694214,0.14324411749839783,0.11717434227466583,0.04568406194448471,0.08387714624404907,phase only
,DispFormer phase-only,,4805,,0.10190588235855103,0.1450212001800537,0.08007875829935074,0.03431086614727974,0.0794372633099556,phase only
,DispFormer phase-only,,4989,,0.11769784986972809,0.189386785030365,0.08140531182289124,0.03805968165397644,0.08167151361703873,phase only
,DispFormer phase-only,,5077,,0.1159931868314743,0.1332821249961853,0.10724065452814102,0.03733806312084198,0.06401799619197845,phase only
,DispFormer phase-only,,5097,,0.07374968379735947,0.17020076513290405,0.024921324104070663,0.08141034841537476,0.20566274225711823,phase only
,DispFormer phase-only,,5111,,0.07835844159126282,0.11940951645374298,0.05757632851600647,0.04893233999609947,0.09394385665655136,phase only
,DispFormer phase-only,,5212,,0.10815872997045517,0.09399617463350296,0.11532852798700333,0.05178052559494972,0.10472014546394348,phase only
,DispFormer phase-only,,5564,,0.08999365568161011,0.15673094987869263,0.05620790272951126,0.037313081324100494,0.09628744423389435,phase only
,DispFormer phase-only,,5580,,0.10712829232215881,0.12600448727607727,0.0975722149014473,0.0317344143986702,0.105473093688488,phase only
,DispFormer phase-only,,5604,,0.09773050248622894,0.12870678305625916,0.08204876631498337,0.04201638326048851,0.04931054264307022,phase only
,DispFormer phase-only,,5762,,0.08614667505025864,0.10540574789047241,0.07639677822589874,0.058679159730672836,0.09580953419208527,phase only
,DispFormer phase-only,,6047,,0.08887646347284317,0.10205483436584473,0.0822049230337143,0.042815182358026505,0.10741163045167923,phase only
,DispFormer phase-only,,6196,,0.15217776596546173,0.24388927221298218,0.10574879497289658,0.07529386132955551,0.16002827882766724,phase only
,DispFormer phase-only,,6663,,0.06558931618928909,0.1096283495426178,0.04329456388950348,0.055713169276714325,0.08407703042030334,phase only
,DispFormer phase-only,,6679,,0.1448829025030136,0.19840045273303986,0.11778964847326279,0.03971177339553833,0.07850383222103119,phase only
,DispFormer phase-only,,6771,,0.1487499624490738,0.16866347193717957,0.1386687457561493,0.07371943444013596,0.10767050832509995,phase only
,DispFormer phase-only,,6956,,0.11482004076242447,0.12202794849872589,0.11117102950811386,0.02677011303603649,0.05431155115365982,phase only
,DispFormer phase-only,,7220,,0.1147516518831253,0.16250678896903992,0.09057560563087463,0.05536628141999245,0.1095319390296936,phase only
,DispFormer phase-only,,7308,,0.1015772819519043,0.11924368143081665,0.09263366460800171,0.06896508485078812,0.10422723740339279,phase only
,DispFormer phase-only,,7350,,0.0947132334113121,0.17366421222686768,0.05474430322647095,0.03688694164156914,0.041502945125103,phase only
,DispFormer phase-only,,7422,,0.10665273666381836,0.1320880800485611,0.09377609193325043,0.051966797560453415,0.09072280675172806,phase only
,DispFormer phase-only,,7447,,0.09660147875547409,0.14732152223587036,0.07092446088790894,0.07079341262578964,0.11500857025384903,phase only
,DispFormer phase-only,,7454,,0.06160893663764,0.14272700250148773,0.020542915910482407,0.06594554334878922,0.18898211419582367,phase only
,DispFormer phase-only,,7640,,0.08787462115287781,0.1151375025510788,0.07407278567552567,0.05027662590146065,0.07947094738483429,phase only
,DispFormer phase-only,,7681,,0.08050122112035751,0.13151733577251434,0.054674308747053146,0.06263827532529831,0.18423782289028168,phase only
,DispFormer phase-only,,7794,,0.13898007571697235,0.2983992397785187,0.05827414244413376,0.0869164764881134,0.22926877439022064,phase only
,DispFormer phase-only,,7861,,0.10367026925086975,0.1185925081372261,0.09611587226390839,0.07403542101383209,0.2038700431585312,phase only
,DispFormer phase-only,,7871,,0.07976821064949036,0.11923789978027344,0.05978667736053467,0.06661005318164825,0.1332043558359146,phase only
,DispFormer phase-only,,8105,,0.07871627062559128,0.1416313797235489,0.04686548933386803,0.07747998088598251,0.10718967020511627,phase only
,DispFormer phase-only,,8228,,0.06413432210683823,0.1086735650897026,0.041586339473724365,0.06370782852172852,0.08023128658533096,phase only
,DispFormer phase-only,,8270,,0.1203976720571518,0.2630109488964081,0.04819970950484276,0.07537055015563965,0.1460905522108078,phase only
,DispFormer phase-only,,8308,,0.17876563966274261,0.2228880226612091,0.15642865002155304,0.055230170488357544,0.09822230041027069,phase only
,DispFormer phase-only,,8314,,0.05938507989048958,0.09688550978899002,0.040400486439466476,0.07485052943229675,0.09003501385450363,phase only
,DispFormer phase-only,,8467,,0.070246122777462,0.12621203064918518,0.04191338270902634,0.06592971086502075,0.08031570911407471,phase only
,DispFormer phase-only,,8523,,0.09647160768508911,0.11981537938117981,0.0846538096666336,0.05541889742016792,0.07013966143131256,phase only
,DispFormer phase-only,,8568,,0.15616421401500702,0.12949272990226746,0.16966667771339417,0.0671655461192131,0.11423997581005096,phase only
,DispFormer phase-only,,8624,,0.07768122106790543,0.1161467432975769,0.05820804834365845,0.07723735272884369,0.08695531636476517,phase only
,DispFormer phase-only,,8665,,0.12013138830661774,0.1963656097650528,0.08153779804706573,0.026539037004113197,0.15286073088645935,phase only
,DispFormer phase-only,,8782,,0.13496249914169312,0.14915911853313446,0.12777547538280487,0.05893808975815773,0.10432442277669907,phase only
,DispFormer phase-only,,8848,,0.0668543353676796,0.12665560841560364,0.03657994419336319,0.024927383288741112,0.07626032829284668,phase only
,DispFormer phase-only,,9065,,0.12473084777593613,0.10906089097261429,0.1326637715101242,0.046839214861392975,0.058288782835006714,phase only
,DispFormer phase-only,,9116,,0.12001432478427887,0.21495677530765533,0.07194969803094864,0.027932969853281975,0.07039355486631393,phase only
,DispFormer phase-only,,9220,,0.13678215444087982,0.21301265060901642,0.09819046407938004,0.031130561605095863,0.06917344778776169,phase only
,DispFormer phase-only,,9314,,0.1576698273420334,0.20910373330116272,0.13163140416145325,0.03088195249438286,0.07115461677312851,phase only
,DispFormer phase-only,,9335,,0.12423336505889893,0.19096629321575165,0.09044982492923737,0.04362548887729645,0.08055657893419266,phase only
,DispFormer phase-only,,9495,,0.10318972170352936,0.10451281815767288,0.1025199145078659,0.039692554622888565,0.07642640173435211,phase only
,DispFormer phase-only,,9549,,0.11223841458559036,0.1727631390094757,0.08159776777029037,0.029001135379076004,0.0830049216747284,phase only
,DispFormer phase-only,,9586,,0.150716632604599,0.21232548356056213,0.11952712386846542,0.029745815321803093,0.048560336232185364,phase only
,DispFormer phase-only,,9591,,0.11722686886787415,0.18210217356681824,0.08438374847173691,0.02521931193768978,0.08090372383594513,phase only
,DispFormer phase-only,,9680,,0.1322261393070221,0.25050777196884155,0.07234606891870499,0.025712698698043823,0.08058330416679382,phase only
,DispFormer phase-only,,9827,,0.14091423153877258,0.1863144338130951,0.11793039739131927,0.046056605875492096,0.126030832529068,phase only
,DispFormer phase-only,,9858,,0.1623612344264984,0.12208772450685501,0.18274971842765808,0.08371711522340775,0.04278237372636795,phase only
,DispFormer phase-only,,9868,,0.2005062848329544,0.15272435545921326,0.22469587624073029,0.07771146297454834,0.07107724994421005,phase only
,DispFormer phase-only,,9938,,0.1116383820772171,0.17208276689052582,0.08103841543197632,0.0325448103249073,0.11915181577205658,phase only
,DispFormer phase-only,,9951,,0.11771772801876068,0.12397948652505875,0.1145477145910263,0.0514383539557457,0.044480033218860626,phase only
,DispFormer phase-only,,9952,,0.09758836030960083,0.13579995930194855,0.07824374735355377,0.03125138580799103,0.06707485765218735,phase only
,DispFormer phase-only,,9986,,0.11322656273841858,0.16892364621162415,0.08502991497516632,0.03631624951958656,0.0731147900223732,phase only
,DispFormer phase-only,,10074,,0.22684548795223236,0.16035734117031097,0.26050513982772827,0.061056774109601974,0.1192798912525177,phase only
,DispFormer phase-only,,10141,,0.1760454624891281,0.15646615624427795,0.18595749139785767,0.06731174886226654,0.05255623906850815,phase only
,DispFormer phase-only,,10356,,0.05438227578997612,0.1199633777141571,0.021181847900152206,0.038782719522714615,0.06770672649145126,phase only
,DispFormer phase-only,,10553,,0.19136257469654083,0.18430081009864807,0.1949375867843628,0.06001373752951622,0.1607809215784073,phase only
,DispFormer phase-only,,10568,,0.09554104506969452,0.11310335993766785,0.08665013313293457,0.02060418762266636,0.06553615629673004,phase only
,DispFormer phase-only,,10726,,0.08835538476705551,0.09235873073339462,0.08632870018482208,0.03417057543992996,0.05202494561672211,phase only
,DispFormer phase-only,,10755,,0.08947227150201797,0.1405419409275055,0.0636182427406311,0.03038085252046585,0.09396049380302429,phase only
,DispFormer phase-only,,10761,,0.13903780281543732,0.20837430655956268,0.10393618047237396,0.05899079516530037,0.13970880210399628,phase only
,DispFormer phase-only,,10823,,0.1143130511045456,0.19762594997882843,0.07213590294122696,0.06185505911707878,0.1357898861169815,phase only
,DispFormer phase-only,,10955,,0.1218508705496788,0.12404029816389084,0.12074246257543564,0.06407365202903748,0.09874648600816727,phase only
,DispFormer phase-only,,10994,,0.11890751868486404,0.060670606791973114,0.14838996529579163,0.04473263770341873,0.10608113557100296,phase only
,DispFormer phase-only,,11107,,0.1258838027715683,0.08842237293720245,0.14484865963459015,0.023297006264328957,0.049034856259822845,phase only
,DispFormer phase-only,,11157,,0.10937175154685974,0.12298640608787537,0.10247933864593506,0.06514134258031845,0.0638074278831482,phase only
,DispFormer phase-only,,11290,,0.1354876458644867,0.13005341589450836,0.13823871314525604,0.06643960624933243,0.06071637198328972,phase only
,DispFormer phase-only,,11459,,0.0887642353773117,0.110004723072052,0.07801124453544617,0.0313873253762722,0.08683884143829346,phase only
,DispFormer phase-only,,11544,,0.08851046115159988,0.14402662217617035,0.06040539592504501,0.035514798015356064,0.1127091571688652,phase only
,DispFormer phase-only,,11593,,0.07179238647222519,0.0651312917470932,0.0751645565032959,0.03274361416697502,0.05973800644278526,phase only
,DispFormer phase-only,,11649,,0.10763277858495712,0.1643805056810379,0.07890424877405167,0.06033887714147568,0.12250643223524094,phase only
,DispFormer phase-only,,11809,,0.05889390781521797,0.11434901505708694,0.030819768086075783,0.04323117062449455,0.0578579381108284,phase only
,DispFormer phase-only,,12181,,0.08731906116008759,0.13146011531352997,0.0649726539850235,0.05051556974649429,0.07766245305538177,phase only
,DispFormer phase-only,,12657,,0.1054813489317894,0.08503329008817673,0.11583316326141357,0.0382247120141983,0.059133224189281464,phase only
,DispFormer phase+group,,2,,0.12395530939102173,0.15941908955574036,0.10600177943706512,0.04124491661787033,0.03657754883170128,phase + group
,DispFormer phase+group,,7,,0.07126320153474808,0.12354453653097153,0.04479576274752617,0.03357010707259178,0.05634044110774994,phase + group
,DispFormer phase+group,,153,,0.20544886589050293,0.08787866681814194,0.26496878266334534,0.0179485771805048,0.06414695084095001,phase + group
,DispFormer phase+group,,296,,0.15286162495613098,0.17891152203083038,0.1396738737821579,0.05064576864242554,0.05864500254392624,phase + group
,DispFormer phase+group,,331,,0.11370176821947098,0.09753745049238205,0.12188496440649033,0.04566315934062004,0.053679171949625015,phase + group
,DispFormer phase+group,,493,,0.09117723256349564,0.08658694475889206,0.09350106865167618,0.01621881313621998,0.047419190406799316,phase + group
,DispFormer phase+group,,658,,0.06320232897996902,0.09640340507030487,0.04639428108930588,0.02267669327557087,0.049834899604320526,phase + group
,DispFormer phase+group,,786,,0.17452146112918854,0.1571483165025711,0.18331663310527802,0.038464564830064774,0.04884171485900879,phase + group
,DispFormer phase+group,,992,,0.11203460395336151,0.11090909689664841,0.11260439455509186,0.03157751262187958,0.060588959604501724,phase + group
,DispFormer phase+group,,1009,,0.12424714118242264,0.1734738051891327,0.09932614862918854,0.03251343593001366,0.038532983511686325,phase + group
,DispFormer phase+group,,1040,,0.13892339169979095,0.16501161456108093,0.1257162243127823,0.020710380747914314,0.04980909079313278,phase + group
,DispFormer phase+group,,1087,,0.1495518684387207,0.11217451840639114,0.16847415268421173,0.02720973826944828,0.04605412110686302,phase + group
,DispFormer phase+group,,1148,,0.1717360019683838,0.1898289918899536,0.16257643699645996,0.04647287726402283,0.09260718524456024,phase + group
,DispFormer phase+group,,1209,,0.09297700971364975,0.1302933692932129,0.07408559322357178,0.0325777642428875,0.09650083631277084,phase + group
,DispFormer phase+group,,1254,,0.09011679887771606,0.13078688085079193,0.06952757388353348,0.019395945593714714,0.0459279827773571,phase + group
,DispFormer phase+group,,1319,,0.17047107219696045,0.18430191278457642,0.16346918046474457,0.05832028388977051,0.0658440887928009,phase + group
,DispFormer phase+group,,1337,,0.0874365046620369,0.08640576899051666,0.08795829862356186,0.033626534044742584,0.037048909813165665,phase + group
,DispFormer phase+group,,1429,,0.13245873153209686,0.1422751247882843,0.12748917937278748,0.03349225968122482,0.049303360283374786,phase + group
,DispFormer phase+group,,1439,,0.116561658680439,0.16164787113666534,0.09373676776885986,0.01920495182275772,0.03950485214591026,phase + group
,DispFormer phase+group,,1749,,0.04808248579502106,0.0456291027367115,0.049324505031108856,0.03376896679401398,0.05678503215312958,phase + group
,DispFormer phase+group,,2011,,0.06731938570737839,0.1122710257768631,0.04456262290477753,0.036618005484342575,0.040743112564086914,phase + group
,DispFormer phase+group,,2036,,0.12604807317256927,0.14905869960784912,0.11439895629882812,0.018231315538287163,0.04617485776543617,phase + group
,DispFormer phase+group,,2044,,0.10749804973602295,0.11831040680408478,0.10202427953481674,0.02330000326037407,0.047489069402217865,phase + group
,DispFormer phase+group,,2074,,0.10625270754098892,0.08865121006965637,0.11516346782445908,0.017913149669766426,0.05826691538095474,phase + group
,DispFormer phase+group,,2076,,0.10499627888202667,0.11217948794364929,0.1013597846031189,0.028318561613559723,0.03811578080058098,phase + group
,DispFormer phase+group,,2140,,0.11130465567111969,0.12667854130268097,0.10352163016796112,0.032169587910175323,0.050193630158901215,phase + group
,DispFormer phase+group,,2328,,0.06230751425027847,0.10216142237186432,0.04213147610425949,0.02818341739475727,0.041724927723407745,phase + group
,DispFormer phase+group,,2487,,0.13880155980587006,0.14220549166202545,0.13707831501960754,0.02795138768851757,0.05311872065067291,phase + group
,DispFormer phase+group,,2533,,0.10094879567623138,0.14019055664539337,0.08108264207839966,0.029444415122270584,0.06707508116960526,phase + group
,DispFormer phase+group,,2613,,0.0754779800772667,0.08980873972177505,0.0682230219244957,0.0421585850417614,0.05503179505467415,phase + group
,DispFormer phase+group,,2634,,0.1483815312385559,0.14717957377433777,0.14899000525474548,0.04189705848693848,0.035417791455984116,phase + group
,DispFormer phase+group,,2697,,0.15588228404521942,0.1641751527786255,0.1516840159893036,0.02115764655172825,0.05403996258974075,phase + group
,DispFormer phase+group,,2813,,0.06002851203083992,0.07935193926095963,0.05024602264165878,0.03060290962457657,0.05068495497107506,phase + group
,DispFormer phase+group,,2816,,0.1069929227232933,0.14541232585906982,0.08754308521747589,0.016175664961338043,0.034042488783597946,phase + group
,DispFormer phase+group,,2835,,0.08179216086864471,0.10964544117450714,0.06769143044948578,0.040230244398117065,0.06962453573942184,phase + group
,DispFormer phase+group,,3197,,0.06955796480178833,0.06043277680873871,0.074177585542202,0.02296091616153717,0.06472596526145935,phase + group
,DispFormer phase+group,,3291,,0.0942547544836998,0.11374379694461823,0.08438841998577118,0.02336878515779972,0.05829991027712822,phase + group
,DispFormer phase+group,,3388,,0.09421653300523758,0.161509707570076,0.06014937162399292,0.04818595200777054,0.04873637482523918,phase + group
,DispFormer phase+group,,3546,,0.12407666444778442,0.12987542152404785,0.12114105373620987,0.03387051075696945,0.07070917636156082,phase + group
,DispFormer phase+group,,3559,,0.058358822017908096,0.08787123113870621,0.04341816157102585,0.024159638211131096,0.05339840427041054,phase + group
,DispFormer phase+group,,3785,,0.08903446793556213,0.09900369495153427,0.0839875340461731,0.027020977810025215,0.054411839693784714,phase + group
,DispFormer phase+group,,3805,,0.07551684230566025,0.12478138506412506,0.05057666450738907,0.03083629533648491,0.06888485699892044,phase + group
,DispFormer phase+group,,4046,,0.11007700115442276,0.11488009989261627,0.1076454296708107,0.0405435636639595,0.05924049764871597,phase + group
,DispFormer phase+group,,4124,,0.08770065754652023,0.13045534491539001,0.06605609506368637,0.02989012561738491,0.06517504155635834,phase + group
,DispFormer phase+group,,4215,,0.06551042199134827,0.10391837358474731,0.046066395938396454,0.041753824800252914,0.0961107388138771,phase + group
,DispFormer phase+group,,4427,,0.10071375221014023,0.19004420936107635,0.05549021437764168,0.026635250076651573,0.04574311524629593,phase + group
,DispFormer phase+group,,4472,,0.12226807326078415,0.12248938530683517,0.12215602397918701,0.036403339356184006,0.08087189495563507,phase + group
,DispFormer phase+group,,4555,,0.15813609957695007,0.23064851760864258,0.12142670154571533,0.01956186443567276,0.07313752919435501,phase + group
,DispFormer phase+group,,4670,,0.10273772478103638,0.11940363794565201,0.09430061280727386,0.03128938376903534,0.037312742322683334,phase + group
,DispFormer phase+group,,4695,,0.1570703089237213,0.1692606806755066,0.15089891850948334,0.03982071205973625,0.06062904745340347,phase + group
,DispFormer phase+group,,4724,,0.12606343626976013,0.1374630182981491,0.12029238790273666,0.02481001242995262,0.06092873215675354,phase + group
,DispFormer phase+group,,4805,,0.09939121454954147,0.13682210445404053,0.08044183254241943,0.018058501183986664,0.039588287472724915,phase + group
,DispFormer phase+group,,4989,,0.14724798500537872,0.17515356838703156,0.13312079012393951,0.03507450222969055,0.05311733856797218,phase + group
,DispFormer phase+group,,5077,,0.09604056924581528,0.1282331496477127,0.07974307239055634,0.02537137269973755,0.03710571303963661,phase + group
,DispFormer phase+group,,5097,,0.07257020473480225,0.12221025675535202,0.04743993282318115,0.03450470417737961,0.12362054735422134,phase + group
,DispFormer phase+group,,5111,,0.06326914578676224,0.13157539069652557,0.028689105063676834,0.02848350815474987,0.05795624479651451,phase + group
,DispFormer phase+group,,5212,,0.10361199080944061,0.1120872050523758,0.0993214100599289,0.025147059932351112,0.06234658882021904,phase + group
,DispFormer phase+group,,5564,,0.036664947867393494,0.07410138100385666,0.017712753266096115,0.01537779625505209,0.05446132272481918,phase + group
,DispFormer phase+group,,5580,,0.07018360495567322,0.11896660923957825,0.04548722505569458,0.02904440276324749,0.05366517975926399,phase + group
,DispFormer phase+group,,5604,,0.1106444001197815,0.12219665944576263,0.10479607433080673,0.04627465829253197,0.03577970713376999,phase + group
,DispFormer phase+group,,5762,,0.0735592320561409,0.09730259329080582,0.06153916195034981,0.026017095893621445,0.05304419994354248,phase + group
,DispFormer phase+group,,6047,,0.0855046957731247,0.10881515592336655,0.07370378077030182,0.018596641719341278,0.05751430243253708,phase + group
,DispFormer phase+group,,6196,,0.09046245366334915,0.14159463346004486,0.06457678228616714,0.058395907282829285,0.06295376271009445,phase + group
,DispFormer phase+group,,6663,,0.04874032735824585,0.08295026421546936,0.03142154961824417,0.043366577476263046,0.06016762554645538,phase + group
,DispFormer phase+group,,6679,,0.10809789597988129,0.12702247500419617,0.09851733595132828,0.04104992747306824,0.048910483717918396,phase + group
,DispFormer phase+group,,6771,,0.07621251046657562,0.11426379531621933,0.05694904178380966,0.03891490772366524,0.0610901303589344,phase + group
,DispFormer phase+group,,6956,,0.08776001632213593,0.09515352547168732,0.08401705324649811,0.01992090791463852,0.04313940554857254,phase + group
,DispFormer phase+group,,7220,,0.07032893598079681,0.09274882078170776,0.05897887796163559,0.04201619699597359,0.05411646142601967,phase + group
,DispFormer phase+group,,7308,,0.09296612441539764,0.12973371148109436,0.07435252517461777,0.04090661182999611,0.05729246884584427,phase + group
,DispFormer phase+group,,7350,,0.09794404357671738,0.15171772241592407,0.07072111964225769,0.04888135939836502,0.04468498006463051,phase + group
,DispFormer phase+group,,7422,,0.10194122046232224,0.14047828316688538,0.08243183046579361,0.029567904770374298,0.050365861505270004,phase + group
,DispFormer phase+group,,7447,,0.08638300001621246,0.12286707758903503,0.06791293621063232,0.03818027675151825,0.0879792720079422,phase + group
,DispFormer phase+group,,7454,,0.04944055899977684,0.07431721687316895,0.03684675320982933,0.026235688477754593,0.08184169232845306,phase + group
,DispFormer phase+group,,7640,,0.08818592876195908,0.11336361616849899,0.07543972134590149,0.03743357956409454,0.046773988753557205,phase + group
,DispFormer phase+group,,7681,,0.06907718628644943,0.07440828531980515,0.06637831777334213,0.03800068795681,0.07790514826774597,phase + group
,DispFormer phase+group,,7794,,0.08814110606908798,0.14928720891475677,0.05718588829040527,0.0571826733648777,0.15816283226013184,phase + group
,DispFormer phase+group,,7861,,0.06511259824037552,0.11165395379066467,0.04155104234814644,0.03989449515938759,0.0997878760099411,phase + group
,DispFormer phase+group,,7871,,0.11195940524339676,0.1175711378455162,0.10911846160888672,0.06026880443096161,0.06574170291423798,phase + group
,DispFormer phase+group,,8105,,0.1340322345495224,0.13732323050498962,0.13236618041992188,0.04563451185822487,0.06425934284925461,phase + group
,DispFormer phase+group,,8228,,0.07364896684885025,0.13896791636943817,0.040581248700618744,0.04186982288956642,0.0632839947938919,phase + group
,DispFormer phase+group,,8270,,0.32965707778930664,0.22269581258296967,0.3838062286376953,0.0943761095404625,0.2766384482383728,phase + group
,DispFormer phase+group,,8308,,0.14593477547168732,0.17159226536750793,0.1329456865787506,0.035604286938905716,0.04639343544840813,phase + group
,DispFormer phase+group,,8314,,0.07521899789571762,0.1280173808336258,0.04848982021212578,0.05106096342206001,0.0635618269443512,phase + group
,DispFormer phase+group,,8467,,0.13438890874385834,0.15133489668369293,0.12580999732017517,0.026727773249149323,0.04410203546285629,phase + group
,DispFormer phase+group,,8523,,0.05831386148929596,0.11589273810386658,0.029164547100663185,0.03394933044910431,0.05358635634183884,phase + group
,DispFormer phase+group,,8568,,0.10571137815713882,0.11556719243526459,0.10072187334299088,0.033360496163368225,0.07532016932964325,phase + group
,DispFormer phase+group,,8624,,0.09339940547943115,0.12613002955913544,0.07682953029870987,0.03402193263173103,0.05181465670466423,phase + group
,DispFormer phase+group,,8665,,0.11694912612438202,0.0861874669790268,0.13252219557762146,0.040192004293203354,0.0626828745007515,phase + group
,DispFormer phase+group,,8782,,0.0976528599858284,0.1371137797832489,0.07767575979232788,0.02352120727300644,0.06053827330470085,phase + group
,DispFormer phase+group,,8848,,0.24108433723449707,0.09584783762693405,0.3146103322505951,0.07272877544164658,0.15629461407661438,phase + group
,DispFormer phase+group,,9065,,0.11970959603786469,0.07529506832361221,0.1421944499015808,0.04891791567206383,0.05592184513807297,phase + group
,DispFormer phase+group,,9116,,0.09367066621780396,0.15551921725273132,0.062359847128391266,0.022598857060074806,0.03207506239414215,phase + group
,DispFormer phase+group,,9220,,0.09494680911302567,0.12042350322008133,0.08204922080039978,0.019504200667142868,0.02960560843348503,phase + group
,DispFormer phase+group,,9314,,0.11262481659650803,0.1319401115179062,0.10284644365310669,0.03443901985883713,0.050667569041252136,phase + group
,DispFormer phase+group,,9335,,0.1492384970188141,0.15326455235481262,0.1472003161907196,0.05191774293780327,0.04365302994847298,phase + group
,DispFormer phase+group,,9495,,0.133961021900177,0.09155092388391495,0.15543115139007568,0.037002429366111755,0.04543870687484741,phase + group
,DispFormer phase+group,,9549,,0.06763207167387009,0.08951712399721146,0.056552767753601074,0.025140143930912018,0.03807778283953667,phase + group
,DispFormer phase+group,,9586,,0.11375325173139572,0.14149147272109985,0.09971078485250473,0.02028682827949524,0.03168560937047005,phase + group
,DispFormer phase+group,,9591,,0.07475472241640091,0.0843539908528328,0.06989509612321854,0.015545642003417015,0.03524595871567726,phase + group
,DispFormer phase+group,,9680,,0.10866609960794449,0.1252717673778534,0.10025948286056519,0.03512059152126312,0.03294515982270241,phase + group
,DispFormer phase+group,,9827,,0.08018064498901367,0.09402377158403397,0.07317256927490234,0.040411800146102905,0.060225941240787506,phase + group
,DispFormer phase+group,,9858,,0.136639803647995,0.12421517074108124,0.14292976260185242,0.03609686344861984,0.021770110353827477,phase + group
,DispFormer phase+group,,9868,,0.17399194836616516,0.15707853436470032,0.18255439400672913,0.06537803262472153,0.04362121969461441,phase + group
,DispFormer phase+group,,9938,,0.08266250044107437,0.08879829943180084,0.07955624908208847,0.017694439738988876,0.06160106137394905,phase + group
,DispFormer phase+group,,9951,,0.10411455482244492,0.13479001820087433,0.08858510106801987,0.03682991862297058,0.03779735788702965,phase + group
,DispFormer phase+group,,9952,,0.13144809007644653,0.15202391147613525,0.12103158235549927,0.06077051907777786,0.034672144800424576,phase + group
,DispFormer phase+group,,9986,,0.11809223890304565,0.11859774589538574,0.11783633381128311,0.036498937755823135,0.04336021840572357,phase + group
,DispFormer phase+group,,10074,,0.10259771347045898,0.12822864949703217,0.08962205797433853,0.05546719208359718,0.04412752762436867,phase + group
,DispFormer phase+group,,10141,,0.09684097766876221,0.14419765770435333,0.07286667823791504,0.03247751668095589,0.05407784506678581,phase + group
,DispFormer phase+group,,10356,,0.1025942713022232,0.12430378049612045,0.0916038304567337,0.02325194887816906,0.041638124734163284,phase + group
,DispFormer phase+group,,10553,,0.1298399120569229,0.10550211369991302,0.14216090738773346,0.055235326290130615,0.06341440975666046,phase + group
,DispFormer phase+group,,10568,,0.048329778015613556,0.041242565959692,0.0519176721572876,0.020962553098797798,0.04237547516822815,phase + group
,DispFormer phase+group,,10726,,0.1001262366771698,0.10455354303121567,0.09788490831851959,0.037243328988552094,0.050426363945007324,phase + group
,DispFormer phase+group,,10755,,0.07374754548072815,0.061420612037181854,0.07998807728290558,0.02953549288213253,0.060155030339956284,phase + group
,DispFormer phase+group,,10761,,0.16603606939315796,0.1689300835132599,0.16457097232341766,0.04235028475522995,0.08538736402988434,phase + group
,DispFormer phase+group,,10823,,0.1338498443365097,0.16707204282283783,0.11703109741210938,0.04159803315997124,0.06985966116189957,phase + group
,DispFormer phase+group,,10955,,0.10565681010484695,0.11016452312469482,0.10337479412555695,0.03663109615445137,0.06163714826107025,phase + group
,DispFormer phase+group,,10994,,0.07305014133453369,0.09869533032178879,0.06006725877523422,0.042102064937353134,0.04447202384471893,phase + group
,DispFormer phase+group,,11107,,0.09388742595911026,0.06715571135282516,0.10742034763097763,0.02946597896516323,0.031652119010686874,phase + group
,DispFormer phase+group,,11157,,0.10190441459417343,0.11447723954916,0.09553941339254379,0.03126111626625061,0.05681530013680458,phase + group
,DispFormer phase+group,,11290,,0.1191670298576355,0.12991981208324432,0.11372341960668564,0.04313036426901817,0.0442560538649559,phase + group
,DispFormer phase+group,,11459,,0.10307568311691284,0.07648050040006638,0.11653950065374374,0.027265356853604317,0.06845668703317642,phase + group
,DispFormer phase+group,,11544,,0.09221764653921127,0.10807806253433228,0.084188312292099,0.024717578664422035,0.06257150322198868,phase + group
,DispFormer phase+group,,11593,,0.05526674538850784,0.0404382199048996,0.0627736896276474,0.01941501535475254,0.0630413368344307,phase + group
,DispFormer phase+group,,11649,,0.09459538757801056,0.15237808227539062,0.06534291058778763,0.021354591473937035,0.06338386237621307,phase + group
,DispFormer phase+group,,11809,,0.06973221153020859,0.08245032280683517,0.06329367309808731,0.039780162274837494,0.047253869473934174,phase + group
,DispFormer phase+group,,12181,,0.06155937537550926,0.11972681432962418,0.032112110406160355,0.03176405280828476,0.046617407351732254,phase + group
,DispFormer phase+group,,12657,,0.11462826281785965,0.10529089719057083,0.11935529857873917,0.046744491904973984,0.05270260572433472,phase + group
