epoch,epochs,time_s,lr,train_loss,train_rec_loss,train_slope_loss,train_curvature_loss,train_mae,train_rmse,train_vp_mae,train_vs_mae,train_rho_mae,train_vp_rmse,train_vs_rmse,train_rho_rmse,val_loss,val_rec_loss,val_slope_loss,val_curvature_loss,val_mae,val_rmse,val_vp_mae,val_vs_mae,val_rho_mae,val_vp_rmse,val_vs_rmse,val_rho_rmse,selection_score,is_best
1,24,531.204628944397,0.00019914876370669414,0.30025585047245024,0.29958132437229157,0.01117022795855999,0.011601441708803176,0.21899990743637085,0.33125502623558045,0.36220503385543823,0.1725948816728592,0.12219979047775269,0.492418950214386,0.24448147119045258,0.16391968941688537,0.2541746855713427,0.25359480269253254,0.009794032026547939,0.009018185461172834,0.19432533904910088,0.29557523131370544,0.32517343852669,0.14771415945142508,0.11008841264992952,0.44120131712406874,0.2132068146020174,0.14808498788625002,0.2541746855713427,True
2,24,529.643238067627,0.00019660961971576228,0.2492495387172699,0.2486364591407776,0.010263058427274227,0.009992653371989728,0.19244715767860412,0.2962405772686005,0.322022864818573,0.1465422070646286,0.10877638553142548,0.4421281483364105,0.21446494623184204,0.14746140229701996,0.23362330486997962,0.23304751375690103,0.009715784311993048,0.009000351332360879,0.18382621183991432,0.28382990462705493,0.3096562922000885,0.13698635227046907,0.104835981503129,0.4248354462906718,0.2023259261623025,0.14210484153591096,0.23362330486997962,True
3,24,527.5703239440918,0.000192426013484873,0.23627994700431823,0.2356845826101303,0.009992411821484566,0.009574360976517201,0.18539424305438995,0.2870458354949951,0.3116280368423462,0.13920554070949553,0.10534913652896881,0.4290389659023285,0.2062971590614319,0.14317775834560395,0.225819599814713,0.2252513812854886,0.009566345135681331,0.008990098984213546,0.1793715124949813,0.27723110280930996,0.30137390457093716,0.13482609181664884,0.1019145252648741,0.4144653473049402,0.19890026981011033,0.1385116004385054,0.225819599814713,True
4,24,526.8507289886475,0.00018666952767655164,0.2275698922777176,0.22698432791233064,0.009840319128036498,0.009354873671829701,0.1807749577522278,0.2811821129226685,0.3047280122089386,0.13462580801010132,0.10297103865623475,0.4206214002323151,0.20133614831447602,0.14028672311306,0.2175518716685474,0.21698305662721395,0.009575533214956522,0.009003817423945293,0.17492211889475584,0.2719166479073465,0.2966990191489458,0.1275508631952107,0.10051645361818373,0.4071898125112057,0.19351820601150393,0.1360480624716729,0.2175518716685474,True
5,24,527.0841729640961,0.00017943865735897788,0.22243942625045776,0.2218599801540375,0.009743199369907378,0.009228579465448857,0.17798813501358032,0.2778875026035309,0.30061059639930726,0.13175245936870575,0.10160133410453796,0.4158484239387512,0.19859513216972352,0.13871551337718963,0.2113008163869381,0.21073390124365687,0.009539121034322307,0.00899609230691567,0.17184686101973057,0.2673540818504989,0.29193421732634306,0.12474459619261324,0.0988617551047355,0.40104024577885866,0.18849910236895084,0.13427186012268066,0.2113008163869381,True
6,24,527.3924829959869,0.00017085712472806146,0.21740372730255128,0.2168281760597229,0.009680256972014904,0.009153848356306553,0.17521309431552887,0.2746796920013428,0.2965663613700867,0.12884223891735078,0.10023066766262055,0.4113199131774902,0.1956712133550644,0.13718330709934234,0.21885831048712134,0.21829194854944944,0.009532300697173923,0.00897472252836451,0.1749900346621871,0.2752191135659814,0.29625579435378313,0.12843826762400568,0.10027601849287748,0.41181678511202335,0.1970569295808673,0.13701578974723816,0.21885831048712134,False
7,24,527.3501830101013,0.0001610717621863677,0.21421010549545288,0.21363760118484498,0.009629079021811485,0.009105032560229301,0.1734396591758728,0.2726716346359253,0.29381671897888184,0.12721042437553406,0.09929181887865067,0.4083792667293549,0.19410011230945587,0.1361920307779312,0.21125583909451962,0.21069038892164826,0.009505255176918581,0.009018732962431386,0.17071948247030377,0.2690312094055116,0.2912389747798443,0.12201403942890465,0.09890542295761406,0.40380422305315733,0.18905768916010857,0.13521357905119658,0.21125583909451962,True
8,24,527.4296100139618,0.00015025,0.21116500289440154,0.21059477397441864,0.009589359273463488,0.009076110288351775,0.1716712090396881,0.27071487758636475,0.29126588787078855,0.1253113486981392,0.09843637709617614,0.4056292410469055,0.1922692456150055,0.13529041592597962,0.20176792796701193,0.2012068792246282,0.009420803107786924,0.009000948921311647,0.1661011348478496,0.26154684741050005,0.283398293890059,0.1189095436129719,0.09599555190652609,0.3923356980085373,0.18460755562409759,0.1310042014811188,0.20176792796701193,True
9,24,525.9724359512329,0.00013857700152032642,0.20640692034244537,0.20583922808170318,0.009542604780495166,0.009056198848187924,0.16914248517036437,0.266971884803772,0.28757835831642153,0.12265233944177628,0.0971967423772812,0.40025082486152647,0.18905300528049468,0.13353044645786286,0.19993625301867723,0.19937551952898502,0.009415855805855244,0.008994001254905015,0.16527412040159106,0.2606904450803995,0.2817827695980668,0.11882927338592708,0.09521030355244875,0.3914827750995755,0.18316109851002693,0.13050327240489423,0.19993625301867723,True
10,24,525.392215013504,0.0001262524949877008,0.20403013160705566,0.20346376737594604,0.009518275573849677,0.009045019505023956,0.16776497591495515,0.26568957755088807,0.28546915952682494,0.12133545589447021,0.09649029674053192,0.39839052137374875,0.1879893351697922,0.13292452461242676,0.190696035977453,0.19013847364112735,0.009351432207040489,0.008999089361168444,0.16032311879098415,0.2542673680000007,0.274608445353806,0.1135133767966181,0.09284752421081066,0.3823489835485816,0.17731709079816937,0.1275756717659533,0.190696035977453,True
11,24,525.8993458747864,0.00011348735612589514,0.20111567514896392,0.20055066286563875,0.009492688947021962,0.009037753682136536,0.1662285896396637,0.2635552328157425,0.2833060284233093,0.11964315966129303,0.0957365670967102,0.395370331287384,0.18611359535694122,0.1318059061217308,0.1909884954802692,0.1904325415380299,0.009325735591119155,0.008966576162492856,0.16096950648352504,0.2549325628206134,0.27554008923470974,0.11419270094484091,0.09317570715211332,0.38339318335056305,0.17735253786668181,0.12835160037502646,0.1909884954802692,False
12,24,525.97873711586,0.00010049999999999999,0.198398623213768,0.19783543947696686,0.009457568488121033,0.009030544023811817,0.16462180134773255,0.2615597081184387,0.2808203757953644,0.11812037883520127,0.09492463396549225,0.39245642745018006,0.18447012818813324,0.13090943382263184,0.19391279201954603,0.19335854751989245,0.009286460233852267,0.008992244518594816,0.16109581384807825,0.25660536577925086,0.27633868250995874,0.11342276213690639,0.09352598735131323,0.3858884321525693,0.17861247342079878,0.1291899154894054,0.19391279201954603,False
13,24,525.9741938114166,8.751264387410486e-05,0.19651592952728272,0.19595394034862518,0.009434261875748634,0.00902761184245348,0.16355415225982667,0.2603873796033859,0.2792132469558716,0.11708463947772979,0.09436455492973328,0.39071800369262694,0.1836010609292984,0.13031996142864227,0.1906477203592658,0.19009534642100334,0.009249047696357593,0.008992220100481063,0.15958683984354138,0.2546245390549302,0.27378136990591884,0.11234718840569258,0.09263194957748055,0.38236821815371513,0.1787740159779787,0.12754158023744822,0.1906477203592658,True
14,24,526.3521580696106,7.474750501229919e-05,0.19417406938552856,0.19361331891536712,0.009409648706614971,0.009026787909269333,0.16216277318000794,0.25890409645080564,0.27715404273986816,0.1156758156299591,0.09365844624996185,0.38858702565193176,0.18234494003295898,0.12958710766792297,0.1917010466568172,0.19114567432552576,0.009307071682997048,0.009001522732432932,0.16045433888211846,0.255357354413718,0.27588314143940806,0.11193521390669048,0.09354464802891016,0.38427682500332594,0.17729006428271532,0.1283686354290694,0.1917010466568172,False
15,24,527.2509860992432,6.242299847967358e-05,0.19187881107330323,0.19131855802059172,0.009399996688365936,0.00902531260073185,0.16095131560325623,0.25764968437194824,0.275432875289917,0.1143781092095375,0.09304294746398926,0.3868937686920166,0.18106287533283233,0.12894128939151764,0.18390710651874542,0.18335562013089657,0.009229827352100983,0.008999428333481774,0.15642870869487524,0.24915659008547664,0.26992627419531345,0.10808456991799176,0.09127526427619159,0.37540246080607176,0.17205455899238586,0.12510078120976686,0.18390710651874542,True
16,24,525.8665850162506,5.0750000000000014e-05,0.18872044189453124,0.1881615197610855,0.009373467766940594,0.009024869603663683,0.15927230724811553,0.25531560733795167,0.27291616431236265,0.11272090673685074,0.09217983504772186,0.38352246947288515,0.1791314319229126,0.12778728895187377,0.18680091947317123,0.18624505307525396,0.009312604059232399,0.009023655380588025,0.15767387812957168,0.2508750529959798,0.27084087347611785,0.11045112600550056,0.09172961697913706,0.37734965421259403,0.1744872867129743,0.1262257001362741,0.18680091947317123,False
17,24,526.0985989570618,3.9928237813632286e-05,0.18733431941509246,0.1867763060617447,0.009355611315071583,0.009023275913894176,0.15834300697803497,0.25439970945358276,0.2715356718349457,0.11175158790349961,0.0917417458486557,0.3821518303775787,0.17838282912254333,0.12745408712863923,0.18053622916340828,0.17998388363048434,0.009244742745067924,0.00901085662189871,0.1542935180477798,0.24725038325414062,0.26605070708319545,0.1068335568998009,0.08999627060256898,0.37225839402526617,0.17132029682397842,0.12424569157883525,0.18053622916340828,True
18,24,527.6590709686279,3.0142875271938526e-05,0.18479817331314086,0.1842408561515808,0.009341377282738686,0.009024831859767437,0.1570162635040283,0.2526692264890671,0.2695570114803314,0.11046282640933991,0.09102893874168395,0.3796372082042694,0.17703664884090423,0.1265156807231903,0.18423413950949907,0.18368114810436964,0.009259636834030971,0.009000946447486058,0.15612460300326347,0.2518753558397293,0.2692051315680146,0.10812117415480316,0.09104748303070664,0.3788619488477707,0.1755423555150628,0.1261782778892666,0.18423413950949907,False
19,24,527.5587389469147,2.156134264102211e-05,0.1836405954170227,0.18308399550437926,0.009326853772699832,0.009025724291205406,0.15622391728401183,0.25185844812870023,0.2683344025325775,0.10970120350360871,0.09063612982749938,0.37849220637321473,0.17625595131874083,0.12619558015823365,0.17639185581356287,0.17584261298179626,0.009184782597003505,0.009000240883324295,0.15198395494371653,0.24418940441682935,0.26235098438337445,0.10485541401430964,0.088745451066643,0.3675921494141221,0.16940642334520817,0.12255416694097221,0.17639185581356287,True
20,24,526.5655369758606,1.4330472323448348e-05,0.18157328508377074,0.18101726856708528,0.009315206508040429,0.009025626935362815,0.15512471432209016,0.25063659388542175,0.2666626358127594,0.10867073482990265,0.09004075741291045,0.37665001088142397,0.17546040668487548,0.12549609040737153,0.1711696800775826,0.170620524790138,0.009182079142192379,0.009005033381981775,0.14983086427673697,0.24114586785435677,0.25922077195718884,0.10282573709264398,0.08744606608524919,0.3636324228718877,0.16622246708720922,0.12062407820485532,0.1711696800775826,True
21,24,527.3816759586334,8.573986515126968e-06,0.17939583885192872,0.17884035261154174,0.009304749706983566,0.009024855714440345,0.15401159212112428,0.24915623473644258,0.2649615407085419,0.10764763928890228,0.08942557973861694,0.3745611620140076,0.1741547204017639,0.12472320151567459,0.17869458766654134,0.17814602004364133,0.009170512872515246,0.009004363673739135,0.15259429765865207,0.24707491183653474,0.26389373233541846,0.10466836695559323,0.08922077971510589,0.3720816373825073,0.17100462596863508,0.1241103014908731,0.17869458766654134,False
22,24,526.5824198722839,4.3903802842377134e-06,0.1789294973564148,0.1783743943119049,0.009296804080605507,0.00902629533469677,0.1536947283411026,0.24881216819763183,0.26454604930877684,0.10725927374839783,0.08927884665727616,0.3740609548568726,0.1738657157421112,0.12457516108989715,0.17554103629663587,0.1749934023246169,0.009150979982223362,0.009008479479234666,0.15086695505306125,0.2445418667048216,0.2606584751047194,0.10391841549426317,0.08802396524697542,0.36821338441222906,0.16948017198592424,0.12267243908718228,0.17554103629663587,False
23,24,526.4123220443726,1.8512362933058668e-06,0.17807609883308412,0.17752138141155244,0.009289048344194889,0.009026513224542142,0.15318455809116363,0.248134527592659,0.26365001812934874,0.10692516600608826,0.08897847508430481,0.3730114471626282,0.1734719721841812,0.1242160762000084,0.17264735233038664,0.17210046388208866,0.009137584449490532,0.009000703255878761,0.14945034543052316,0.24370675487443805,0.2591995499096811,0.10168117401190102,0.08747029746882617,0.3678125748410821,0.16692140558734536,0.1223739895503968,0.17264735233038664,False
24,24,526.0740900039673,1e-06,0.17728365179538727,0.17672919618606567,0.009283635223805905,0.009027391501963139,0.1527648965406418,0.24739995898723602,0.26307164684772494,0.10644207022190094,0.08878095850467682,0.3719719932842255,0.17278449639320373,0.12390234681844711,0.17547888262197375,0.1749315452761948,0.00914682017173618,0.00899968299199827,0.15059290314093232,0.24494227999821305,0.2612338066101074,0.10222342633642256,0.08832145878113806,0.3692410523071885,0.16860164003446698,0.12318622414022684,0.17547888262197375,False
